user_id,is_gone
4,0.08
6,0.08
10,0.11
12,0.11
13,0.8
15,0.4
19,0.03
21,0.51
23,0.08
35,0.41
40,0.08
45,0.33
55,0.44
58,0.55
62,0.21
72,0.08
74,0.51
81,0.11
84,0.11
92,0.08
93,0.08
98,0.0
102,0.9
105,0.14
107,0.03
112,0.25
113,0.43
119,0.68
124,0.55
140,0.71
141,0.16
143,0.08
150,0.33
159,0.08
162,0.31
164,0.18
165,0.08
167,0.21
174,0.08
177,0.51
180,0.08
185,0.08
186,0.73
195,0.51
198,0.71
200,0.68
204,0.55
205,0.11
207,0.6
208,0.93
212,0.29
213,0.0
217,0.08
218,0.08
234,0.08
235,0.29
236,0.03
237,0.08
242,0.18
248,0.47
253,0.59
260,0.23
261,0.43
269,0.08
271,0.4
273,0.08
276,0.11
283,0.0
289,0.08
298,0.33
303,0.55
306,0.0
308,0.0
317,0.03
318,0.03
319,0.08
320,0.08
324,0.29
328,0.21
331,0.21
335,0.21
341,0.46
346,0.08
348,0.08
349,0.11
351,0.08
355,0.08
363,0.35
366,0.08
367,0.11
373,0.16
375,0.03
382,0.11
388,0.08
389,0.08
391,0.73
400,0.11
406,0.08
409,0.8
411,0.27
414,0.11
417,0.11
419,0.08
421,0.03
423,0.11
424,0.23
425,0.08
430,0.44
448,0.11
460,0.31
462,0.06
465,0.27
467,0.73
474,0.59
476,0.11
483,0.08
485,0.0
486,0.6
487,0.08
498,0.69
503,0.0
504,0.08
511,0.03
516,0.08
522,0.14
530,0.75
534,0.08
543,0.08
554,0.08
557,0.18
561,0.44
565,0.56
567,0.21
570,0.16
574,0.31
575,0.11
578,0.54
579,0.0
583,0.08
586,0.68
593,0.31
599,0.18
601,0.82
602,0.29
611,0.08
613,0.14
615,0.14
628,0.08
642,0.11
650,0.08
659,0.31
664,0.61
672,0.29
680,0.0
683,0.14
693,0.29
696,0.0
700,0.08
704,0.16
723,0.14
725,0.16
726,0.08
731,0.03
733,0.11
736,0.08
739,0.16
741,0.08
744,0.21
745,0.03
747,0.33
754,0.59
757,0.08
760,0.0
765,0.84
770,0.43
779,0.08
800,0.11
801,0.03
804,0.25
805,0.08
810,0.08
820,0.03
829,0.08
832,0.08
837,0.11
845,0.08
848,0.0
850,0.03
864,0.08
874,0.0
880,0.11
886,0.66
897,0.08
898,0.25
901,0.69
904,0.78
907,0.0
918,0.03
920,0.36
926,0.0
933,0.11
936,0.03
937,0.08
952,0.08
953,0.21
960,0.68
970,0.61
971,0.03
972,0.36
973,0.0
980,0.41
988,0.06
999,0.14
1003,0.27
1010,0.11
1023,0.08
1041,0.21
1044,0.31
1049,0.69
1054,0.33
1055,0.0
1059,0.08
1061,0.57
1068,0.08
1071,0.03
1083,0.06
1087,0.41
1092,0.31
1099,0.08
1100,0.33
1102,0.08
1115,0.08
1131,0.0
1132,0.11
1134,0.36
1135,0.03
1137,0.21
1138,0.11
1145,0.11
1149,0.36
1152,0.08
1153,0.5
1154,0.16
1156,0.36
1157,0.11
1164,0.74
1171,0.56
1175,0.08
1182,0.08
1187,0.7
1192,0.14
1195,0.0
1197,0.03
1202,0.08
1211,0.29
1212,0.0
1214,0.0
1219,0.08
1232,0.0
1238,0.08
1242,0.08
1245,0.16
1246,0.54
1253,0.03
1263,0.0
1269,0.0
1273,0.03
1274,0.29
1275,0.03
1276,0.0
1279,0.0
1280,0.08
1285,0.08
1288,0.08
1302,0.29
1307,0.0
1308,0.03
1309,0.08
1313,0.33
1314,0.14
1322,0.08
1325,0.08
1332,0.08
1334,0.11
1339,0.03
1340,0.11
1341,0.14
1347,0.27
1349,0.11
1354,0.31
1356,0.21
1357,0.03
1358,0.27
1359,0.81
1365,0.31
1367,0.16
1369,0.11
1374,0.0
1375,0.16
1379,0.0
1384,0.08
1385,0.08
1387,0.03
1392,0.29
1399,0.08
1403,0.08
1407,0.03
1412,0.21
1413,0.11
1414,0.08
1420,0.14
1426,0.65
1432,0.03
1436,0.08
1437,0.08
1438,0.55
1441,0.73
1442,0.18
1452,0.08
1455,0.06
1457,0.49
1458,0.31
1459,0.73
1460,0.11
1464,0.16
1465,0.08
1469,0.11
1472,0.56
1485,0.0
1488,0.57
1489,0.03
1494,0.11
1501,0.08
1506,0.08
1510,0.33
1520,0.38
1522,0.08
1523,0.11
1524,0.08
1525,0.08
1540,0.08
1541,0.29
1543,0.29
1550,0.31
1551,0.16
1554,0.29
1556,0.27
1563,0.29
1564,0.08
1566,0.11
1571,0.47
1580,0.35
1584,0.46
1587,0.08
1592,0.08
1597,0.11
1608,0.0
1610,0.08
1611,0.49
1619,0.18
1620,0.33
1623,0.11
1630,0.31
1636,0.14
1640,0.31
1641,0.08
1646,0.03
1650,0.08
1658,0.03
1667,0.08
1674,0.16
1689,0.0
1690,0.16
1693,0.47
1704,0.14
1706,0.08
1713,0.0
1716,0.03
1717,0.11
1719,0.14
1720,0.23
1725,0.25
1728,0.0
1731,0.29
1739,0.11
1745,0.03
1747,0.14
1748,0.68
1751,0.36
1754,0.0
1763,0.08
1764,0.08
1767,0.61
1771,0.11
1775,0.08
1777,0.0
1779,0.08
1782,0.44
1783,0.11
1785,0.16
1786,0.18
1797,0.16
1800,0.14
1803,0.21
1821,0.18
1822,0.38
1830,0.08
1831,0.06
1832,0.18
1835,0.36
1837,0.08
1840,0.77
1849,0.25
1855,0.08
1858,0.11
1872,0.0
1873,0.35
1882,0.71
1883,0.08
1887,0.59
1891,0.0
1893,0.57
1918,0.31
1923,0.08
1939,0.0
1947,0.11
1953,0.62
1954,0.11
1956,0.55
1958,0.08
1960,0.41
1961,0.35
1962,0.77
1967,0.25
1968,0.08
1974,0.0
1981,0.08
1985,0.08
1988,0.27
1993,0.0
1998,0.03
2000,0.11
2012,0.0
2016,0.31
2018,0.49
2019,0.21
2026,0.29
2033,0.08
2034,0.31
2036,0.06
2041,0.03
2042,0.16
2044,0.31
2052,0.11
2060,0.08
2061,0.11
2062,0.08
2063,0.11
2064,0.0
2066,0.08
2068,0.0
2069,0.25
2070,0.03
2073,0.08
2077,0.11
2079,0.23
2089,0.03
2091,0.08
2095,0.08
2097,0.0
2100,0.08
2101,0.25
2107,0.44
2109,0.11
2111,0.25
2114,0.03
2117,0.53
2120,0.14
2126,0.0
2128,0.03
2146,0.08
2149,0.72
2158,0.11
2160,0.03
2172,0.38
2174,0.14
2180,0.84
2187,0.11
2196,0.08
2199,0.08
2201,0.36
2202,0.08
2203,0.21
2208,0.08
2220,0.65
2224,0.08
2231,0.14
2235,0.08
2244,0.08
2256,0.08
2270,0.47
2275,0.03
2288,0.0
2299,0.23
2305,0.66
2306,0.41
2309,0.08
2313,0.11
2316,0.18
2317,0.11
2326,0.03
2338,0.08
2343,0.33
2346,0.08
2347,0.16
2362,0.03
2364,0.08
2365,0.31
2372,0.08
2376,0.14
2379,0.08
2380,0.41
2382,0.11
2384,0.95
2389,0.08
2397,0.08
2398,0.31
2401,0.0
2411,0.0
2423,0.35
2426,0.83
2430,0.29
2434,0.73
2435,0.36
2439,0.23
2441,0.08
2448,0.08
2454,0.08
2465,0.16
2466,0.03
2483,0.06
2492,0.08
2493,0.11
2494,0.25
2501,0.25
2504,0.18
2506,0.08
2517,0.31
2518,0.08
2521,0.08
2524,0.14
2527,0.08
2531,0.14
2535,0.44
2540,0.72
2544,0.38
2545,0.31
2551,0.08
2552,0.03
2558,0.29
2562,0.0
2563,0.31
2568,0.08
2572,0.08
2584,0.08
2585,0.03
2590,0.0
2593,0.08
2596,0.08
2603,0.38
2607,0.44
2610,0.54
2623,0.08
2628,0.11
2629,0.08
2633,0.0
2645,0.29
2646,0.11
2653,0.11
2667,0.03
2668,0.08
2669,0.8
2671,0.03
2676,0.31
2688,0.18
2699,0.08
2714,0.03
2715,0.11
2720,0.44
2722,0.08
2723,0.11
2728,0.08
2738,0.33
2747,0.08
2757,0.08
2760,0.16
2763,0.08
2769,0.44
2771,0.53
2772,0.57
2777,0.03
2779,0.03
2782,0.27
2790,0.08
2808,0.59
2809,0.03
2810,0.08
2814,0.08
2815,0.27
2819,0.36
2821,0.11
2823,0.16
2827,0.35
2834,0.14
2835,0.08
2846,0.08
2852,0.08
2860,0.71
2862,0.69
2863,0.84
2864,0.11
2866,0.46
2868,0.08
2869,0.16
2871,0.33
2880,0.31
2884,0.08
2889,0.08
2893,0.31
2897,0.33
2898,0.31
2906,0.6
2907,0.43
2911,0.29
2914,0.69
2920,0.53
2921,0.14
2935,0.08
2939,0.29
2947,0.33
2955,0.08
2956,0.08
2959,0.0
2961,0.11
2963,0.08
2968,0.08
2970,0.08
2973,0.65
2974,0.11
2976,0.59
2977,0.44
2985,0.08
2992,0.08
2993,0.0
2994,0.33
3002,0.57
3004,0.08
3006,0.03
3008,0.82
3010,0.03
3013,0.08
3017,0.08
3024,0.67
3028,0.0
3031,0.18
3040,0.0
3043,0.14
3048,0.08
3054,0.08
3055,0.0
3059,0.08
3075,0.16
3077,0.29
3079,0.08
3080,0.03
3082,0.11
3086,0.38
3093,0.73
3097,0.03
3108,0.11
3110,0.7
3114,0.44
3115,0.7
3120,0.03
3128,0.35
3136,0.11
3141,0.31
3145,0.08
3156,0.08
3160,0.03
3169,0.03
3170,0.0
3171,0.08
3172,0.41
3191,0.0
3192,0.68
3193,0.08
3197,0.08
3199,0.08
3202,0.08
3207,0.0
3209,0.03
3212,0.31
3214,0.21
3215,0.11
3216,0.18
3217,0.44
3218,0.08
3221,0.08
3227,0.11
3235,0.25
3238,0.31
3239,0.9
3244,0.08
3245,0.0
3252,0.0
3256,0.08
3263,0.08
3267,0.43
3268,0.0
3273,0.08
3274,0.54
3276,0.21
3277,0.0
3279,0.08
3283,0.11
3286,0.08
3289,0.0
3302,0.08
3305,0.27
3313,0.14
3314,0.61
3321,0.08
3349,0.23
3350,0.0
3351,0.23
3352,0.08
3364,0.08
3370,0.36
3374,0.11
3376,0.08
3383,0.08
3388,0.41
3394,0.08
3400,0.14
3401,0.33
3402,0.75
3403,0.31
3404,0.25
3406,0.08
3414,0.82
3418,0.69
3420,0.31
3421,0.08
3422,0.11
3426,0.08
3434,0.25
3435,0.71
3439,0.18
3443,0.29
3452,0.03
3462,0.08
3463,0.08
3465,0.03
3472,0.08
3478,0.08
3479,0.11
3484,0.08
3489,0.08
3493,0.03
3494,0.23
3496,0.11
3498,0.03
3502,0.23
3505,0.08
3513,0.31
3514,0.16
3515,0.59
3517,0.03
3532,0.08
3539,0.7
3542,0.08
3543,0.0
3558,0.11
3567,0.08
3570,0.0
3571,0.08
3575,0.66
3577,0.08
3596,0.25
3603,0.08
3608,0.56
3609,0.11
3617,0.11
3628,0.16
3631,0.59
3637,0.11
3640,0.03
3641,0.11
3649,0.03
3650,0.33
3653,0.25
3662,0.27
3663,0.03
3665,0.03
3671,0.33
3672,0.11
3674,0.06
3681,0.11
3686,0.08
3688,0.08
3689,0.29
3690,0.38
3691,0.0
3693,0.11
3696,0.29
3699,0.11
3707,0.25
3714,0.08
3716,0.08
3722,0.11
3729,0.23
3733,0.11
3748,0.6
3752,0.21
3753,0.25
3756,0.11
3760,0.11
3768,0.78
3769,0.08
3772,0.08
3773,0.36
3776,0.31
3781,0.49
3782,0.08
3790,0.03
3793,0.4
3794,0.0
3803,0.33
3804,0.08
3805,0.29
3810,0.08
3811,0.21
3818,0.23
3820,0.33
3826,0.0
3830,0.14
3832,0.11
3835,0.11
3845,0.0
3850,0.0
3851,0.08
3852,0.0
3862,0.08
3872,0.41
3874,0.06
3877,0.08
3878,0.08
3885,0.14
3889,0.38
3890,0.08
3894,0.03
3902,0.25
3903,0.08
3911,0.08
3912,0.11
3918,0.11
3919,0.16
3924,0.36
3925,0.11
3930,0.08
3934,0.18
3939,0.7
3940,0.87
3942,0.08
3944,0.11
3945,0.08
3953,0.46
3954,0.03
3957,0.11
3959,0.11
3970,0.76
3973,0.08
3981,0.16
3982,0.18
3984,0.31
3994,0.0
3997,0.08
4003,0.08
4008,0.08
4016,0.29
4018,0.35
4021,0.11
4035,0.6
4038,0.08
4039,0.08
4042,0.41
4046,0.85
4056,0.08
4063,0.69
4064,0.73
4065,0.53
4066,0.0
4070,0.16
4072,0.08
4075,0.0
4077,0.57
4094,0.53
4096,0.08
4097,0.14
4098,0.08
4104,0.0
4109,0.31
4116,0.36
4118,0.25
4125,0.11
4127,0.08
4135,0.08
4140,0.18
4143,0.08
4145,0.16
4159,0.14
4165,0.16
4169,0.11
4170,0.0
4178,0.31
4183,0.08
4186,0.23
4187,0.11
4191,0.08
4194,0.71
4196,0.69
4202,0.08
4203,0.08
4207,0.08
4216,0.08
4217,0.06
4219,0.81
4224,0.51
4226,0.03
4227,0.03
4233,0.31
4242,0.25
4244,0.33
4247,0.27
4254,0.94
4260,0.08
4261,0.31
4263,0.08
4269,0.6
4271,0.08
4281,0.0
4284,0.08
4293,0.0
4298,0.08
4301,0.33
4302,0.08
4319,0.11
4322,0.76
4323,0.08
4327,0.11
4329,0.21
4330,0.27
4333,0.08
4337,0.71
4345,0.35
4346,0.11
4348,0.08
4356,0.0
4368,0.21
4371,0.08
4377,0.08
4378,0.23
4388,0.11
4402,0.0
4407,0.08
4408,0.29
4410,0.16
4412,0.08
4413,0.11
4414,0.36
4415,0.08
4423,0.08
4424,0.21
4426,0.31
4428,0.08
4436,0.16
4452,0.08
4459,0.56
4464,0.11
4467,0.11
4469,0.08
4470,0.11
4473,0.11
4474,0.0
4477,0.08
4484,0.08
4485,0.16
4487,0.16
4488,0.11
4489,0.33
4491,0.0
4501,0.33
4510,0.08
4511,0.55
4523,0.36
4528,0.08
4543,0.11
4545,0.08
4549,0.47
4554,0.08
4556,0.11
4559,0.14
4562,0.43
4564,0.31
4569,0.16
4573,0.03
4574,0.11
4593,0.63
4594,0.03
4595,0.11
4600,0.08
4603,0.08
4604,0.67
4616,0.18
4623,0.21
4626,0.43
4628,0.0
4629,0.11
4630,0.56
4635,0.03
4643,0.08
4650,0.36
4651,0.44
4668,0.11
4671,0.0
4672,0.03
4676,0.0
4677,0.08
4689,0.14
4690,0.0
4691,0.31
4706,0.29
4707,0.11
4717,0.08
4722,0.08
4724,0.0
4727,0.03
4728,0.0
4736,0.56
4742,0.08
4747,0.08
4748,0.0
4750,0.11
4752,0.27
4763,0.08
4771,0.0
4775,0.21
4777,0.71
4780,0.08
4785,0.62
4788,0.08
4789,0.11
4790,0.95
4791,0.08
4797,0.44
4800,0.0
4801,0.71
4813,0.08
4815,0.08
4816,0.38
4818,0.03
4820,0.21
4829,0.06
4832,0.08
4835,0.46
4836,0.03
4839,0.23
4845,0.73
4846,0.08
4848,0.14
4849,0.11
4857,0.08
4858,0.23
4863,0.68
4872,0.08
4876,0.88
4882,0.11
4885,0.03
4896,0.46
4897,0.44
4901,0.08
4904,0.08
4910,0.18
4915,0.25
4916,0.71
4924,0.08
4926,0.38
4927,0.33
4928,0.03
4932,0.21
4938,0.08
4940,0.08
4948,0.08
4951,0.29
4960,0.33
4976,0.59
4985,0.0
4986,0.08
4992,0.23
4993,0.56
4997,0.0
5008,0.08
5012,0.55
5025,0.55
5026,0.23
5028,0.0
5030,0.16
5031,0.11
5034,0.23
5037,0.08
5039,0.08
5041,0.4
5046,0.0
5047,0.33
5048,0.11
5055,0.03
5060,0.49
5064,0.0
5066,0.44
5069,0.08
5072,0.08
5077,0.36
5084,0.03
5089,0.08
5090,0.21
5091,0.33
5093,0.08
5095,0.0
5101,0.36
5103,0.08
5104,0.18
5106,0.08
5107,0.59
5109,0.0
5112,0.08
5114,0.16
5115,0.16
5123,0.08
5127,0.25
5128,0.11
5129,0.11
5137,0.23
5138,0.31
5143,0.08
5144,0.25
5150,0.11
5151,0.06
5157,0.08
5160,0.08
5165,0.14
5170,0.0
5173,0.88
5182,0.68
5183,0.03
5187,0.08
5188,0.25
5203,0.0
5207,0.0
5208,0.36
5210,0.08
5217,0.0
5218,0.08
5223,0.08
5227,0.31
5230,0.75
5232,0.0
5233,0.76
5236,0.31
5245,0.0
5248,0.08
5249,0.7
5252,0.62
5261,0.64
5264,0.27
5267,0.21
5268,0.08
5269,0.11
5271,0.56
5274,0.08
5275,0.08
5280,0.08
5281,0.25
5284,0.08
5285,0.29
5291,0.49
5297,0.4
5302,0.08
5303,0.0
5304,0.21
5306,0.35
5309,0.08
5317,0.08
5320,0.29
5321,0.14
5326,0.35
5328,0.11
5329,0.11
5333,0.35
5336,0.62
5337,0.31
5343,0.11
5348,0.77
5351,0.08
5352,0.11
5353,0.11
5356,0.06
5366,0.25
5368,0.11
5372,0.14
5380,0.08
5386,0.08
5387,0.08
5388,0.38
5391,0.18
5397,0.33
5399,0.23
5400,0.11
5408,0.31
5409,0.08
5413,0.11
5414,0.43
5418,0.51
5419,0.21
5420,0.08
5423,0.89
5425,0.03
5427,0.08
5428,0.36
5433,0.16
5434,0.0
5435,0.08
5441,0.47
5447,0.33
5451,0.08
5457,0.29
5463,0.27
5465,0.11
5470,0.08
5477,0.14
5478,0.08
5480,0.08
5483,0.08
5486,0.08
5487,0.11
5492,0.08
5496,0.08
5497,0.11
5503,0.11
5507,0.31
5522,0.18
5536,0.29
5544,0.47
5549,0.44
5554,0.08
5561,0.03
5566,0.55
5569,0.11
5574,0.41
5578,0.11
5580,0.36
5590,0.08
5591,0.08
5628,0.11
5635,0.55
5640,0.65
5644,0.21
5657,0.56
5665,0.08
5671,0.08
5684,0.33
5691,0.08
5695,0.08
5697,0.08
5704,0.08
5707,0.0
5711,0.0
5713,0.49
5717,0.08
5718,0.08
5719,0.43
5720,0.08
5722,0.11
5727,0.9
5728,0.08
5731,0.16
5736,0.08
5738,0.03
5744,0.08
5747,0.08
5748,0.03
5749,0.38
5750,0.31
5751,0.03
5755,0.33
5760,0.08
5762,0.16
5763,0.11
5774,0.31
5775,0.27
5778,0.21
5780,0.36
5788,0.08
5797,0.31
5807,0.08
5811,0.14
5814,0.08
5815,0.08
5822,0.56
5823,0.25
5827,0.08
5833,0.08
5835,0.16
5838,0.36
5852,0.03
5857,0.08
5860,0.11
5871,0.08
5883,0.21
5895,0.08
5899,0.16
5900,0.11
5905,0.44
5926,0.03
5930,0.06
5937,0.06
5943,0.08
5951,0.08
5954,0.08
5957,0.16
5958,0.0
5960,0.08
5966,0.75
5978,0.08
5982,0.36
5990,0.08
5998,0.06
6004,0.27
6005,0.11
6019,0.08
6027,0.08
6030,0.08
6035,0.03
6045,0.08
6046,0.11
6047,0.43
6052,0.08
6060,0.23
6061,0.11
6066,0.54
6076,0.82
6077,0.16
6084,0.31
6087,0.03
6093,0.08
6096,0.33
6098,0.16
6099,0.88
6108,0.08
6120,0.36
6125,0.08
6136,0.08
6140,0.03
6142,0.61
6145,0.21
6146,0.08
6147,0.0
6151,0.08
6154,0.08
6158,0.03
6161,0.08
6164,0.33
6172,0.03
6177,0.03
6178,0.18
6180,0.08
6188,0.0
6193,0.11
6194,0.08
6195,0.0
6196,0.11
6204,0.14
6205,0.0
6220,0.08
6221,0.06
6225,0.51
6227,0.0
6229,0.03
6231,0.0
6232,0.08
6235,0.25
6241,0.03
6251,0.33
6254,0.79
6255,0.76
6265,0.44
6273,0.03
6289,0.11
6291,0.29
6296,0.11
6298,0.11
6309,0.08
6311,0.11
6312,0.75
6314,0.75
6316,0.08
6330,0.03
6340,0.29
6341,0.08
6347,0.49
6348,0.33
6351,0.14
6359,0.03
6362,0.08
6363,0.03
6365,0.0
6368,0.08
6371,0.0
6382,0.08
6385,0.29
6387,0.25
6389,0.36
6392,0.69
6395,0.11
6408,0.08
6409,0.21
6411,0.44
6414,0.11
6420,0.08
6425,0.08
6433,0.03
6434,0.0
6437,0.16
6438,0.08
6440,0.66
6448,0.36
6449,0.08
6460,0.68
6469,0.08
6475,0.51
6477,0.03
6494,0.43
6501,0.11
6504,0.03
6511,0.14
6513,0.25
6514,0.57
6516,0.0
6520,0.08
6523,0.0
6526,0.06
6527,0.08
6530,0.11
6534,0.29
6537,0.0
6545,0.25
6549,0.18
6551,0.08
6553,0.14
6559,0.08
6560,0.03
6569,0.08
6570,0.68
6583,0.08
6596,0.44
6604,0.03
6606,0.0
6610,0.08
6611,0.03
6614,0.56
6617,0.08
6621,0.23
6624,0.71
6627,0.14
6630,0.08
6631,0.08
6637,0.11
6643,0.08
6645,0.08
6650,0.41
6653,0.33
6655,0.08
6658,0.08
6660,0.03
6665,0.11
6670,0.03
6675,0.08
6678,0.56
6680,0.72
6685,0.08
6687,0.03
6688,0.73
6694,0.03
6695,0.03
6702,0.0
6709,0.16
6723,0.11
6725,0.08
6728,0.03
6732,0.08
6737,0.08
6741,0.43
6756,0.14
6763,0.23
6765,0.54
6767,0.76
6769,0.0
6776,0.08
6778,0.03
6779,0.08
6780,0.54
6784,0.08
6785,0.5
6788,0.14
6789,0.08
6792,0.76
6793,0.0
6798,0.68
6802,0.27
6804,0.08
6809,0.03
6810,0.21
6813,0.55
6820,0.11
6821,0.16
6826,0.78
6831,0.08
6835,0.41
6868,0.11
6869,0.51
6872,0.08
6874,0.73
6875,0.11
6876,0.29
6882,0.54
6883,0.0
6885,0.11
6887,0.51
6899,0.08
6901,0.08
6905,0.08
6906,0.08
6907,0.08
6909,0.44
6920,0.03
6925,0.31
6931,0.08
6932,0.16
6939,0.08
6944,0.08
6952,0.27
6978,0.11
6985,0.0
6986,0.08
6988,0.33
6989,0.51
6992,0.08
6995,0.11
7002,0.76
7017,0.38
7028,0.08
7038,0.11
7042,0.18
7043,0.31
7051,0.0
7052,0.76
7054,0.06
7056,0.0
7061,0.08
7065,0.08
7068,0.31
7077,0.08
7084,0.23
7085,0.38
7086,0.57
7093,0.11
7096,0.29
7098,0.08
7101,0.16
7102,0.21
7106,0.11
7114,0.54
7117,0.08
7118,0.25
7122,0.08
7130,0.44
7140,0.11
7141,0.03
7144,0.11
7147,0.44
7150,0.54
7156,0.43
7157,0.08
7159,0.08
7160,0.03
7177,0.0
7179,0.5
7181,0.03
7182,0.73
7185,0.36
7186,0.16
7188,0.71
7189,0.08
7191,0.08
7205,0.08
7207,0.16
7208,0.08
7210,0.23
7211,0.43
7214,0.0
7216,0.16
7217,0.03
7219,0.31
7221,0.11
7222,0.08
7223,0.03
7224,0.0
7226,0.03
7227,0.08
7228,0.11
7229,0.08
7231,0.11
7235,0.08
7237,0.03
7243,0.08
7246,0.11
7249,0.08
7252,0.31
7253,0.18
7259,0.08
7263,0.25
7267,0.08
7269,0.21
7274,0.43
7275,0.08
7276,0.0
7278,0.08
7286,0.16
7288,0.11
7291,0.08
7304,0.08
7308,0.49
7310,0.03
7315,0.03
7318,0.08
7326,0.11
7328,0.31
7339,0.53
7340,0.08
7347,0.36
7360,0.54
7361,0.16
7363,0.0
7365,0.0
7369,0.0
7373,0.36
7374,0.94
7379,0.5
7388,0.11
7391,0.08
7406,0.23
7408,0.75
7410,0.08
7413,0.03
7416,0.08
7419,0.0
7426,0.36
7427,0.18
7432,0.18
7435,0.0
7439,0.14
7443,0.08
7445,0.59
7446,0.5
7448,0.03
7460,0.08
7464,0.11
7472,0.11
7473,0.18
7476,0.03
7477,0.16
7479,0.08
7482,0.7
7486,0.23
7490,0.08
7492,0.55
7498,0.16
7500,0.21
7508,0.33
7511,0.08
7516,0.08
7518,0.11
7519,0.14
7520,0.08
7524,0.49
7527,0.11
7528,0.31
7530,0.08
7531,0.08
7535,0.08
7537,0.08
7539,0.33
7543,0.08
7548,0.08
7550,0.36
7555,0.03
7572,0.83
7573,0.44
7577,0.08
7583,0.0
7592,0.08
7594,0.08
7595,0.11
7597,0.16
7598,0.08
7601,0.23
7603,0.5
7609,0.0
7610,0.03
7613,0.11
7617,0.0
7619,0.08
7635,0.08
7638,0.54
7641,0.0
7643,0.0
7650,0.35
7655,0.08
7669,0.08
7671,0.0
7672,0.08
7686,0.08
7689,0.08
7696,0.11
7698,0.27
7700,0.03
7701,0.08
7703,0.03
7706,0.7
7710,0.31
7711,0.11
7719,0.73
7722,0.08
7723,0.18
7724,0.08
7727,0.08
7731,0.55
7737,0.08
7747,0.0
7748,0.14
7749,0.08
7759,0.08
7764,0.14
7770,0.11
7771,0.08
7786,0.08
7792,0.72
7794,0.08
7796,0.31
7797,0.08
7800,0.08
7806,0.0
7808,0.62
7828,0.08
7829,0.27
7832,0.4
7834,0.31
7840,0.03
7842,0.06
7843,0.0
7850,0.08
7857,0.35
7876,0.08
7878,0.44
7880,0.03
7882,0.21
7894,0.08
7898,0.29
7902,0.0
7915,0.82
7918,0.29
7919,0.23
7920,0.18
7930,0.18
7932,0.08
7933,0.08
7938,0.76
7942,0.0
7950,0.0
7954,0.7
7956,0.29
7961,0.31
7969,0.16
7972,0.08
7974,0.03
7976,0.53
7980,0.14
7981,0.0
7982,0.08
7984,0.23
7985,0.08
7989,0.16
7990,0.08
7993,0.08
7994,0.44
8002,0.0
8006,0.31
8007,0.57
8008,0.31
8016,0.11
8020,0.03
8029,0.33
8042,0.29
8047,0.0
8064,0.63
8067,0.08
8070,0.11
8076,0.03
8078,0.0
8081,0.08
8083,0.11
8085,0.11
8089,0.0
8090,0.11
8093,0.08
8095,0.11
8100,0.08
8104,0.11
8107,0.08
8108,0.0
8109,0.08
8111,0.03
8121,0.31
8123,0.08
8144,0.21
8146,0.08
8147,0.71
8148,0.03
8153,0.31
8158,0.08
8163,0.49
8173,0.31
8178,0.21
8183,0.08
8187,0.43
8189,0.08
8195,0.08
8197,0.08
8209,0.29
8210,0.31
8211,0.08
8212,0.11
8213,0.11
8214,0.08
8215,0.08
8221,0.5
8224,0.08
8227,0.11
8230,0.23
8236,0.08
8237,0.35
8238,0.03
8241,0.59
8243,0.4
8244,0.08
8246,0.08
8248,0.08
8255,0.08
8256,0.0
8257,0.23
8258,0.03
8266,0.18
8268,0.08
8270,0.25
8285,0.06
8286,0.8
8287,0.0
8293,0.21
8313,0.08
8314,0.16
8316,0.08
8317,0.31
8321,0.11
8323,0.0
8330,0.7
8333,0.08
8336,0.55
8340,0.77
8341,0.08
8347,0.03
8349,0.31
8357,0.08
8365,0.0
8366,0.27
8367,0.0
8368,0.21
8369,0.03
8378,0.08
8380,0.08
8381,0.06
8390,0.7
8393,0.31
8395,0.08
8408,0.08
8414,0.25
8425,0.23
8430,0.78
8434,0.29
8437,0.0
8440,0.31
8445,0.08
8448,0.08
8449,0.08
8451,0.11
8452,0.11
8463,0.08
8469,0.06
8479,0.08
8488,0.0
8495,0.64
8497,0.33
8502,0.31
8505,0.11
8506,0.03
8510,0.08
8511,0.11
8513,0.08
8514,0.11
8515,0.14
8516,0.03
8518,0.35
8520,0.36
8521,0.08
8534,0.11
8540,0.08
8541,0.03
8544,0.14
8549,0.0
8550,0.4
8553,0.08
8556,0.08
8561,0.11
8562,0.03
8563,0.08
8564,0.0
8567,0.14
8568,0.36
8572,0.11
8573,0.08
8585,0.67
8586,0.0
8588,0.51
8590,0.64
8599,0.35
8601,0.08
8608,0.18
8611,0.78
8614,0.08
8621,0.08
8626,0.08
8629,0.08
8630,0.08
8633,0.0
8640,0.56
8644,0.44
8658,0.72
8659,0.08
8663,0.0
8668,0.0
8670,0.43
8674,0.73
8676,0.44
8684,0.08
8687,0.9
8688,0.41
8697,0.08
8698,0.79
8699,0.03
8707,0.62
8708,0.31
8709,0.92
8713,0.29
8716,0.43
8720,0.71
8728,0.79
8730,0.47
8736,0.74
8752,0.08
8754,0.63
8762,0.0
8769,0.63
8772,0.6
8782,0.0
8789,0.29
8794,0.55
8797,0.0
8804,0.35
8809,0.14
8813,0.31
8819,0.31
8821,0.08
8822,0.36
8824,0.73
8828,0.08
8831,0.08
8832,0.0
8836,0.11
8838,0.16
8839,0.29
8841,0.14
8842,0.16
8844,0.08
8848,0.33
8849,0.14
8854,0.16
8859,0.14
8861,0.44
8868,0.35
8876,0.11
8878,0.08
8879,0.08
8888,0.08
8896,0.21
8902,0.54
8909,0.08
8912,0.08
8918,0.08
8920,0.18
8927,0.08
8928,0.0
8933,0.14
8934,0.53
8944,0.08
8948,0.11
8952,0.0
8957,0.03
8961,0.03
8962,0.08
8966,0.08
8968,0.33
8970,0.29
8974,0.21
8975,0.11
8980,0.08
8985,0.11
8991,0.08
8999,0.03
9006,0.14
9009,0.08
9017,0.08
9030,0.08
9032,0.5
9033,0.03
9034,0.92
9041,0.08
9042,0.08
9043,0.08
9044,0.11
9045,0.7
9046,0.31
9051,0.08
9054,0.44
9058,0.08
9064,0.31
9074,0.67
9078,0.25
9081,0.31
9082,0.11
9084,0.14
9085,0.69
9086,0.08
9106,0.0
9108,0.23
9111,0.25
9116,0.0
9120,0.0
9134,0.69
9143,0.0
9144,0.25
9146,0.08
9147,0.03
9148,0.33
9150,0.74
9159,0.54
9161,0.23
9163,0.08
9166,0.0
9174,0.54
9175,0.78
9183,0.03
9184,0.08
9192,0.11
9195,0.11
9196,0.08
9202,0.08
9214,0.21
9216,0.31
9222,0.11
9223,0.73
9231,0.46
9235,0.18
9240,0.11
9245,0.08
9260,0.43
9261,0.31
9262,0.36
9268,0.08
9276,0.0
9279,0.73
9283,0.08
9289,0.08
9292,0.75
9298,0.16
9300,0.03
9305,0.11
9311,0.03
9312,0.08
9323,0.08
9326,0.0
9327,0.08
9328,0.14
9329,0.08
9330,0.25
9335,0.78
9339,0.0
9344,0.08
9346,0.14
9347,0.11
9349,0.7
9353,0.0
9356,0.11
9368,0.21
9370,0.08
9372,0.08
9374,0.35
9375,0.08
9379,0.0
9382,0.18
9384,0.21
9389,0.08
9392,0.08
9397,0.08
9400,0.29
9405,0.55
9409,0.47
9414,0.08
9418,0.11
9423,0.08
9424,0.03
9426,0.0
9429,0.4
9431,0.0
9434,0.11
9442,0.16
9444,0.03
9445,0.0
9450,0.11
9451,0.08
9452,0.38
9454,0.55
9455,0.11
9457,0.0
9458,0.0
9471,0.0
9473,0.21
9475,0.16
9486,0.03
9490,0.08
9498,0.11
9499,0.14
9505,0.36
9506,0.18
9513,0.18
9515,0.03
9518,0.0
9524,0.78
9525,0.08
9527,0.73
9533,0.23
9536,0.08
9548,0.08
9553,0.33
9556,0.44
9558,0.08
9562,0.36
9568,0.08
9575,0.27
9577,0.16
9581,0.16
9584,0.16
9586,0.68
9598,0.73
9599,0.08
9600,0.67
9603,0.53
9615,0.31
9616,0.0
9618,0.03
9620,0.11
9625,0.71
9626,0.41
9637,0.16
9640,0.08
9643,0.08
9646,0.11
9650,0.29
9654,0.67
9657,0.54
9666,0.08
9668,0.03
9669,0.0
9676,0.0
9679,0.03
9680,0.03
9681,0.08
9684,0.16
9686,0.06
9707,0.7
9714,0.14
9715,0.25
9719,0.36
9728,0.21
9729,0.23
9732,0.16
9736,0.46
9738,0.0
9747,0.03
9748,0.51
9750,0.29
9753,0.0
9755,0.49
9758,0.25
9767,0.08
9768,0.08
9769,0.03
9771,0.08
9776,0.55
9782,0.0
9788,0.96
9795,0.08
9798,0.44
9810,0.27
9816,0.23
9818,0.08
9819,0.0
9823,0.08
9832,0.08
9836,0.31
9839,0.36
9840,0.08
9846,0.08
9847,0.08
9853,0.11
9854,0.0
9856,0.6
9857,0.03
9858,0.71
9865,0.63
9866,0.36
9870,0.11
9875,0.08
9882,0.11
9886,0.33
9890,0.16
9892,0.08
9894,0.14
9896,0.27
9897,0.31
9904,0.0
9910,0.33
9911,0.21
9912,0.08
9932,0.11
9934,0.38
9939,0.44
9948,0.08
9958,0.03
9963,0.54
9968,0.11
9969,0.08
9972,0.11
9979,0.03
9982,0.08
9985,0.08
9987,0.43
9990,0.33
10012,0.16
10014,0.16
10017,0.08
10026,0.0
10032,0.63
10034,0.11
10039,0.41
10041,0.5
10042,0.41
10046,0.31
10048,0.03
10049,0.08
10052,0.68
10054,0.03
10056,0.62
10057,0.78
10064,0.71
10067,0.31
10069,0.08
10071,0.08
10076,0.76
10083,0.54
10087,0.0
10089,0.08
10096,0.11
10103,0.08
10104,0.03
10107,0.03
10112,0.21
10114,0.54
10129,0.56
10133,0.53
10138,0.08
10140,0.63
10145,0.03
10147,0.08
10153,0.03
10166,0.03
10169,0.23
10174,0.46
10179,0.4
10180,0.36
10186,0.25
10196,0.18
10205,0.35
10210,0.11
10217,0.49
10221,0.08
10222,0.84
10228,0.08
10244,0.76
10246,0.08
10248,0.0
10249,0.29
10253,0.21
10258,0.08
10259,0.03
10264,0.08
10273,0.08
10285,0.08
10291,0.08
10292,0.16
10297,0.08
10310,0.18
10315,0.08
10321,0.16
10323,0.08
10333,0.69
10336,0.08
10340,0.03
10344,0.08
10345,0.08
10346,0.08
10348,0.16
10352,0.11
10357,0.08
10366,0.08
10374,0.31
10376,0.31
10378,0.16
10382,0.43
10384,0.08
10386,0.27
10387,0.69
10395,0.25
10403,0.16
10405,0.44
10410,0.43
10413,0.16
10414,0.08
10416,0.08
10420,0.0
10423,0.08
10424,0.0
10427,0.0
10429,0.25
10430,0.31
10448,0.56
10451,0.08
10452,0.14
10456,0.23
10464,0.03
10471,0.43
10474,0.57
10476,0.18
10478,0.08
10482,0.31
10489,0.11
10490,0.03
10492,0.79
10493,0.08
10497,0.08
10499,0.31
10501,0.33
10507,0.08
10517,0.11
10518,0.68
10520,0.31
10522,0.31
10529,0.18
10531,0.35
10532,0.27
10538,0.11
10539,0.0
10547,0.08
10549,0.43
10564,0.08
10567,0.25
10578,0.31
10581,0.43
10582,0.25
10583,0.27
10587,0.11
10589,0.08
10609,0.08
10614,0.31
10617,0.11
10620,0.08
10623,0.4
10625,0.31
10629,0.0
10632,0.08
10646,0.21
10648,0.0
10649,0.0
10650,0.6
10653,0.08
10657,0.11
10661,0.23
10663,0.16
10664,0.08
10669,0.33
10671,0.18
10673,0.16
10674,0.47
10677,0.21
10678,0.31
10686,0.25
10687,0.08
10691,0.08
10692,0.4
10693,0.11
10696,0.11
10697,0.44
10699,0.14
10701,0.35
10702,0.31
10705,0.03
10718,0.23
10722,0.53
10726,0.08
10737,0.0
10739,0.79
10744,0.44
10750,0.35
10754,0.49
10760,0.08
10761,0.16
10772,0.0
10778,0.03
10784,0.33
10790,0.08
10796,0.08
10800,0.21
10804,0.03
10812,0.43
10815,0.44
10816,0.63
10818,0.0
10819,0.38
10821,0.14
10822,0.08
10826,0.41
10829,0.29
10832,0.08
10840,0.11
10841,0.44
10842,0.08
10846,0.08
10849,0.08
10851,0.0
10861,0.11
10866,0.08
10868,0.21
10870,0.08
10872,0.16
10876,0.08
10879,0.03
10880,0.53
10881,0.0
10883,0.11
10906,0.11
10909,0.11
10917,0.21
10924,0.03
10929,0.08
10936,0.18
10943,0.35
10947,0.16
10966,0.03
10967,0.08
10975,0.14
10977,0.11
10979,0.03
10983,0.06
10984,0.03
10986,0.0
10990,0.31
10991,0.11
10994,0.21
11001,0.11
11003,0.27
11007,0.11
11012,0.44
11014,0.82
11015,0.08
11019,0.68
11028,0.08
11030,0.0
11031,0.11
11033,0.03
11035,0.75
11037,0.89
11047,0.03
11053,0.4
11055,0.11
11056,0.08
11065,0.73
11082,0.03
11085,0.08
11086,0.08
11090,0.08
11098,0.25
11099,0.11
11111,0.76
11112,0.03
11113,0.6
11117,0.0
11120,0.62
11122,0.23
11124,0.08
11130,0.11
11131,0.08
11137,0.81
11138,0.0
11139,0.08
11141,0.08
11150,0.0
11151,0.03
11152,0.33
11155,0.41
11157,0.0
11169,0.7
11170,0.08
11174,0.73
11179,0.23
11181,0.06
11186,0.08
11191,0.21
11192,0.0
11196,0.0
11204,0.08
11206,0.16
11207,0.08
11209,0.33
11210,0.25
11222,0.0
11223,0.35
11227,0.18
11232,0.0
11233,0.16
11235,0.08
11238,0.25
11242,0.08
11243,0.08
11246,0.08
11260,0.08
11268,0.08
11269,0.08
11271,0.0
11272,0.21
11273,0.46
11277,0.08
11289,0.16
11303,0.16
11304,0.08
11306,0.16
11307,0.11
11313,0.11
11315,0.08
11318,0.03
11325,0.21
11326,0.08
11330,0.08
11338,0.08
11343,0.03
11349,0.75
11350,0.0
11367,0.31
11374,0.33
11377,0.08
11379,0.11
11380,0.08
11383,0.11
11387,0.08
11388,0.21
11389,0.14
11391,0.31
11399,0.08
11407,0.08
11411,0.23
11414,0.08
11415,0.08
11417,0.31
11419,0.03
11426,0.44
11430,0.0
11440,0.23
11448,0.0
11450,0.08
11456,0.03
11463,0.03
11477,0.18
11478,0.38
11481,0.08
11486,0.11
11500,0.44
11501,0.5
11514,0.11
11521,0.0
11525,0.6
11526,0.14
11529,0.11
11536,0.11
11543,0.08
11544,0.55
11545,0.0
11558,0.16
11569,0.94
11571,0.08
11572,0.08
11581,0.11
11584,0.25
11585,0.08
11586,0.73
11589,0.29
11595,0.0
11606,0.03
11608,0.66
11609,0.0
11611,0.11
11617,0.76
11619,0.94
11622,0.08
11625,0.03
11630,0.59
11631,0.7
11635,0.14
11637,0.08
11638,0.08
11645,0.08
11660,0.03
11664,0.5
11665,0.18
11667,0.08
11671,0.03
11674,0.81
11682,0.54
11695,0.16
11703,0.08
11706,0.08
11707,0.08
11712,0.16
11717,0.06
11722,0.08
11724,0.03
11727,0.25
11732,0.5
11734,0.08
11739,0.11
11741,0.08
11742,0.08
11745,0.31
11749,0.44
11754,0.08
11756,0.08
11758,0.08
11764,0.0
11777,0.49
11780,0.08
11781,0.5
11788,0.08
11807,0.08
11808,0.64
11811,0.08
11823,0.08
11829,0.08
11832,0.16
11834,0.08
11835,0.11
11838,0.08
11843,0.0
11849,0.08
11855,0.0
11856,0.18
11859,0.11
11865,0.16
11870,0.08
11871,0.08
11874,0.27
11877,0.03
11881,0.36
11885,0.08
11892,0.08
11899,0.36
11901,0.08
11907,0.08
11911,0.54
11913,0.5
11921,0.29
11923,0.36
11924,0.08
11926,0.55
11928,0.31
11933,0.08
11934,0.11
11938,0.03
11939,0.35
11944,0.08
11946,0.16
11948,0.0
11949,0.03
11963,0.08
11967,0.11
11971,0.08
11977,0.03
11979,0.71
11980,0.11
11981,0.08
11982,0.08
11984,0.83
11985,0.46
11988,0.08
11990,0.06
11991,0.08
11998,0.63
12008,0.33
12021,0.33
12023,0.59
12031,0.08
12035,0.27
12037,0.08
12047,0.11
12051,0.08
12064,0.11
12065,0.0
12066,0.27
12076,0.27
12078,0.0
12085,0.56
12089,0.03
12095,0.35
12106,0.08
12109,0.0
12113,0.33
12114,0.14
12117,0.03
12122,0.11
12123,0.78
12125,0.29
12128,0.11
12129,0.21
12132,0.08
12137,0.08
12138,0.11
12150,0.29
12152,0.08
12155,0.29
12161,0.68
12162,0.79
12170,0.08
12174,0.21
12175,0.53
12183,0.06
12184,0.72
12187,0.11
12188,0.55
12194,0.27
12199,0.27
12200,0.08
12210,0.08
12212,0.33
12220,0.14
12223,0.03
12224,0.68
12227,0.08
12228,0.0
12229,0.03
12230,0.08
12239,0.11
12244,0.08
12252,0.11
12258,0.54
12260,0.08
12267,0.46
12270,0.36
12287,0.08
12289,0.08
12290,0.27
12302,0.03
12306,0.14
12314,0.11
12318,0.0
12322,0.77
12326,0.11
12332,0.08
12339,0.18
12343,0.08
12345,0.06
12346,0.31
12355,0.16
12357,0.08
12360,0.0
12370,0.03
12383,0.44
12389,0.11
12392,0.49
12394,0.08
12400,0.14
12408,0.08
12412,0.35
12427,0.29
12431,0.29
12435,0.49
12442,0.0
12450,0.0
12451,0.03
12455,0.03
12460,0.0
12464,0.16
12474,0.0
12479,0.0
12480,0.57
12481,0.08
12484,0.31
12487,0.08
12493,0.0
12499,0.08
12504,0.08
12510,0.11
12519,0.31
12521,0.0
12531,0.11
12533,0.25
12536,0.0
12538,0.35
12540,0.08
12541,0.0
12549,0.23
12555,0.91
12559,0.29
12562,0.08
12565,0.49
12575,0.54
12579,0.31
12585,0.0
12594,0.08
12595,0.0
12599,0.0
12602,0.11
12605,0.08
12610,0.08
12612,0.11
12623,0.03
12628,0.16
12631,0.08
12632,0.35
12652,0.0
12653,0.11
12655,0.27
12660,0.03
12664,0.47
12667,0.03
12675,0.0
12677,0.62
12679,0.6
12683,0.41
12684,0.08
12685,0.08
12691,0.21
12693,0.18
12700,0.16
12704,0.73
12707,0.23
12709,0.21
12712,0.31
12713,0.36
12714,0.29
12716,0.08
12718,0.08
12725,0.73
12733,0.0
12743,0.08
12744,0.08
12746,0.16
12748,0.33
12751,0.08
12754,0.77
12759,0.03
12761,0.41
12771,0.11
12775,0.08
12780,0.08
12781,0.38
12783,0.08
12793,0.21
12800,0.03
12802,0.11
12805,0.0
12810,0.23
12813,0.08
12817,0.08
12818,0.08
12823,0.36
12824,0.08
12826,0.31
12827,0.6
12834,0.08
12836,0.08
12844,0.03
12857,0.89
12859,0.08
12860,0.08
12862,0.08
12865,0.27
12879,0.06
12883,0.08
12885,0.16
12902,0.08
12907,0.25
12908,0.0
12914,0.08
12921,0.57
12924,0.46
12925,0.11
12929,0.0
12932,0.06
12933,0.79
12936,0.11
12937,0.08
12943,0.43
12945,0.31
12948,0.08
12949,0.08
12953,0.0
12955,0.08
12956,0.11
12959,0.08
12968,0.33
12987,0.18
12996,0.11
12997,0.0
13002,0.08
13010,0.08
13011,0.08
13012,0.03
13015,0.29
13021,0.08
13024,0.08
13028,0.08
13029,0.11
13031,0.0
13036,0.0
13037,0.31
13038,0.08
13045,0.49
13046,0.08
13047,0.08
13051,0.03
13055,0.08
13056,0.08
13073,0.08
13077,0.08
13078,0.29
13083,0.0
13084,0.55
13089,0.08
13093,0.31
13095,0.08
13099,0.29
13102,0.0
13106,0.29
13109,0.08
13110,0.18
13113,0.25
13117,0.08
13118,0.08
13121,0.29
13123,0.0
13126,0.08
13129,0.08
13132,0.46
13148,0.4
13150,0.16
13153,0.0
13169,0.14
13170,0.29
13174,0.14
13192,0.08
13196,0.25
13215,0.08
13220,0.08
13224,0.14
13226,0.25
13228,0.27
13237,0.08
13246,0.03
13247,0.75
13249,0.08
13253,0.03
13257,0.11
13263,0.27
13264,0.08
13265,0.64
13266,0.0
13276,0.08
13279,0.36
13283,0.11
13285,0.03
13286,0.08
13288,0.08
13295,0.78
13299,0.08
13308,0.14
13319,0.31
13321,0.08
13324,0.23
13325,0.11
13327,0.0
13330,0.18
13332,0.0
13341,0.08
13351,0.69
13358,0.08
13360,0.53
13362,0.36
13370,0.0
13385,0.96
13391,0.08
13394,0.21
13396,0.0
13400,0.46
13405,0.11
13406,0.31
13410,0.08
13411,0.0
13416,0.25
13418,0.11
13420,0.08
13432,0.14
13433,0.33
13435,0.0
13441,0.25
13455,0.25
13457,0.11
13464,0.03
13479,0.08
13492,0.0
13493,0.08
13502,0.11
13503,0.03
13505,0.61
13507,0.38
13508,0.08
13512,0.08
13515,0.08
13518,0.35
13520,0.23
13522,0.08
13525,0.08
13530,0.97
13531,0.11
13538,0.31
13541,0.08
13542,0.0
13546,0.11
13549,0.5
13550,0.95
13557,0.25
13561,0.31
13569,0.11
13572,0.0
13582,0.08
13583,0.18
13586,0.0
13587,0.08
13596,0.0
13597,0.03
13599,0.69
13603,0.08
13604,0.33
13609,0.03
13617,0.0
13619,0.31
13625,0.03
13629,0.56
13630,0.08
13631,0.08
13634,0.25
13639,0.21
13642,0.23
13648,0.27
13658,0.63
13664,0.33
13667,0.29
13670,0.31
13671,0.25
13680,0.08
13681,0.76
13689,0.29
13690,0.11
13693,0.6
13696,0.76
13700,0.0
13701,0.36
13704,0.16
13712,0.73
13713,0.72
13718,0.08
13720,0.0
13728,0.53
13731,0.08
13732,0.16
13733,0.08
13744,0.54
13746,0.06
13747,0.0
13750,0.08
13756,0.08
13760,0.36
13767,0.16
13771,0.08
13772,0.49
13780,0.27
13785,0.08
13788,0.25
13798,0.55
13799,0.08
13804,0.0
13809,0.57
13813,0.08
13815,0.16
13823,0.08
13832,0.38
13836,0.08
13840,0.11
13841,0.08
13849,0.0
13860,0.0
13867,0.08
13872,0.25
13873,0.68
13874,0.08
13881,0.0
13889,0.08
13892,0.08
13893,0.11
13899,0.03
13901,0.08
13930,0.68
13932,0.03
13933,0.55
13934,0.93
13935,0.56
13943,0.11
13945,0.14
13949,0.21
13951,0.14
13956,0.11
13958,0.0
13962,0.08
13967,0.31
13972,0.08
13974,0.06
13976,0.33
13987,0.31
13988,0.0
14000,0.44
14002,0.71
14010,0.11
14013,0.16
14014,0.29
14019,0.08
14026,0.38
14027,0.31
14028,0.03
14029,0.31
14032,0.31
14033,0.35
14034,0.11
14035,0.08
14040,0.21
14042,0.08
14044,0.08
14047,0.31
14056,0.5
14057,0.08
14058,0.03
14064,0.11
14067,0.03
14077,0.54
14086,0.29
14101,0.0
14105,0.08
14106,0.11
14113,0.0
14117,0.57
14120,0.43
14124,0.27
14127,0.08
14130,0.47
14132,0.08
14135,0.79
14138,0.08
14140,0.08
14149,0.08
14151,0.03
14153,0.73
14158,0.33
14163,0.08
14165,0.69
14170,0.0
14171,0.31
14179,0.08
14182,0.14
14183,0.08
14184,0.08
14190,0.08
14192,0.11
14197,0.33
14198,0.81
14210,0.57
14218,0.11
14229,0.0
14230,0.31
14235,0.06
14236,0.18
14244,0.08
14247,0.03
14250,0.16
14252,0.0
14254,0.08
14257,0.0
14262,0.08
14267,0.08
14270,0.44
14272,0.21
14281,0.14
14282,0.08
14283,0.18
14285,0.25
14288,0.0
14290,0.11
14291,0.08
14295,0.03
14296,0.46
14297,0.0
14302,0.14
14303,0.11
14322,0.7
14324,0.08
14331,0.68
14336,0.0
14338,0.03
14342,0.03
14351,0.27
14358,0.11
14359,0.0
14367,0.08
14373,0.14
14375,0.11
14377,0.23
14385,0.08
14391,0.0
14393,0.25
14394,0.16
14399,0.0
14412,0.49
14414,0.03
14415,0.08
14425,0.27
14428,0.0
14430,0.23
14431,0.06
14432,0.0
14435,0.35
14443,0.25
14444,0.31
14448,0.18
14449,0.33
14461,0.08
14471,0.53
14482,0.33
14487,0.11
14496,0.0
14498,0.29
14500,0.11
14505,0.29
14507,0.18
14509,0.08
14511,0.11
14515,0.08
14516,0.38
14519,0.08
14521,0.03
14522,0.08
14527,0.06
14529,0.08
14532,0.36
14537,0.25
14540,0.93
14549,0.03
14552,0.66
14553,0.29
14555,0.21
14557,0.11
14558,0.61
14562,0.25
14563,0.03
14564,0.57
14566,0.0
14572,0.08
14576,0.11
14577,0.08
14579,0.08
14587,0.44
14591,0.33
14592,0.25
14594,0.08
14597,0.11
14601,0.08
14604,0.08
14606,0.0
14608,0.08
14614,0.21
14622,0.11
14627,0.14
14632,0.08
14634,0.25
14635,0.08
14642,0.03
14646,0.08
14650,0.08
14654,0.27
14660,0.14
14671,0.08
14675,0.11
14678,0.46
14684,0.08
14686,0.03
14695,0.11
14698,0.03
14707,0.08
14710,0.0
14715,0.08
14720,0.0
14724,0.0
14725,0.69
14731,0.69
14741,0.08
14744,0.03
14756,0.08
14758,0.0
14760,0.27
14761,0.44
14763,0.0
14764,0.03
14767,0.08
14770,0.08
14783,0.0
14798,0.03
14800,0.66
14804,0.43
14806,0.31
14815,0.0
14822,0.08
14826,0.08
14827,0.25
14829,0.08
14831,0.11
14836,0.08
14837,0.08
14839,0.08
14849,0.21
14851,0.18
14860,0.08
14862,0.03
14868,0.03
14869,0.11
14874,0.0
14877,0.81
14885,0.08
14886,0.29
14892,0.08
14898,0.08
14901,0.08
14902,0.08
14905,0.16
14906,0.08
14911,0.25
14915,0.72
14918,0.51
14923,0.16
14925,0.0
14950,0.08
14959,0.36
14960,0.08
14961,0.08
14973,0.0
14977,0.08
14978,0.86
14982,0.08
14983,0.03
14988,0.08
14989,0.29
14997,0.0
14998,0.0
15000,0.08
15004,0.08
15005,0.4
15012,0.6
15013,0.08
15018,0.0
15019,0.03
15021,0.5
15026,0.03
15027,0.11
15038,0.03
15040,0.0
15044,0.08
15048,0.08
15049,0.29
15050,0.11
15060,0.0
15066,0.03
15076,0.08
15090,0.36
15092,0.44
15094,0.03
15097,0.08
15103,0.4
15108,0.11
15111,0.0
15115,0.08
15121,0.03
15128,0.08
15138,0.14
15139,0.0
15140,0.11
15141,0.08
15143,0.23
15151,0.21
15159,0.0
15163,0.0
15164,0.11
15165,0.7
15166,0.29
15167,0.08
15174,0.08
15179,0.38
15183,0.08
15187,0.16
15190,0.35
15194,0.03
15195,0.08
15203,0.0
15209,0.83
15215,0.23
15216,0.29
15218,0.23
15220,0.35
15222,0.72
15224,0.11
15225,0.03
15235,0.63
15246,0.0
15249,0.18
15251,0.03
15252,0.27
15254,0.76
15255,0.16
15266,0.64
15268,0.03
15269,0.25
15272,0.08
15275,0.0
15277,0.16
15279,0.0
15281,0.08
15282,0.46
15285,0.14
15305,0.25
15309,0.08
15312,0.73
15316,0.08
15322,0.27
15327,0.16
15328,0.71
15330,0.6
15332,0.36
15335,0.11
15336,0.82
15342,0.25
15359,0.0
15375,0.08
15378,0.08
15380,0.33
15389,0.67
15391,0.08
15393,0.41
15395,0.67
15398,0.0
15403,0.11
15404,0.64
15405,0.33
15407,0.11
15417,0.16
15420,0.91
15422,0.03
15423,0.33
15430,0.33
15434,0.11
15444,0.03
15446,0.11
15448,0.08
15453,0.23
15456,0.08
15458,0.0
15460,0.03
15461,0.23
15470,0.08
15477,0.23
15479,0.11
15485,0.11
15487,0.11
15494,0.08
15496,0.11
15498,0.0
15502,0.03
15503,0.11
15504,0.08
15516,0.11
15529,0.11
15530,0.11
15532,0.08
15534,0.11
15543,0.71
15548,0.06
15553,0.14
15560,0.08
15561,0.08
15564,0.44
15565,0.29
15584,0.23
15585,0.54
15594,0.08
15599,0.14
15602,0.4
15603,0.08
15607,0.08
15610,0.16
15616,0.08
15622,0.35
15633,0.08
15635,0.08
15638,0.46
15640,0.16
15642,0.31
15659,0.78
15666,0.33
15674,0.08
15677,0.31
15680,0.11
15690,0.08
15692,0.56
15694,0.0
15705,0.11
15707,0.69
15713,0.11
15722,0.21
15723,0.0
15727,0.23
15728,0.08
15741,0.11
15745,0.33
15779,0.08
15783,0.08
15784,0.08
15785,0.27
15792,0.08
15793,0.14
15794,0.08
15796,0.11
15798,0.08
15799,0.08
15800,0.33
15803,0.08
15804,0.08
15809,0.11
15810,0.08
15814,0.4
15815,0.21
15820,0.08
15821,0.03
15822,0.36
15825,0.08
15827,0.61
15832,0.03
15835,0.21
15840,0.31
15846,0.31
15848,0.08
15851,0.23
15852,0.08
15857,0.21
15860,0.08
15861,0.35
15863,0.7
15866,0.03
15874,0.11
15877,0.11
15880,0.03
15883,0.44
15887,0.53
15895,0.11
15897,0.31
15901,0.5
15909,0.77
15911,0.29
15919,0.77
15920,0.08
15921,0.08
15931,0.11
15932,0.93
15933,0.11
15934,0.0
15936,0.56
15939,0.16
15946,0.03
15947,0.49
15951,0.03
15952,0.08
15954,0.08
15957,0.11
15958,0.08
15969,0.14
15975,0.11
15980,0.08
15982,0.53
15983,0.16
15984,0.81
15987,0.08
15989,0.31
15999,0.08
16015,0.03
16019,0.11
16024,0.0
16031,0.11
16036,0.27
16037,0.31
16047,0.06
16050,0.77
16064,0.03
16072,0.33
16075,0.11
16077,0.03
16083,0.08
16087,0.25
16095,0.27
16096,0.03
16108,0.16
16111,0.08
16119,0.11
16120,0.08
16122,0.08
16126,0.18
16131,0.27
16134,0.08
16136,0.08
16144,0.08
16147,0.33
16149,0.71
16153,0.14
16157,0.31
16161,0.43
16174,0.08
16177,0.0
16194,0.11
16196,0.03
16207,0.36
16208,0.67
16223,0.86
16225,0.35
16230,0.31
16231,0.03
16243,0.5
16245,0.03
16247,0.08
16248,0.08
16254,0.36
16256,0.08
16264,0.11
16272,0.9
16277,0.11
16278,0.08
16282,0.76
16286,0.57
16292,0.03
16298,0.0
16301,0.23
16308,0.0
16314,0.0
16319,0.08
16327,0.08
16331,0.0
16332,0.08
16334,0.08
16336,0.08
16342,0.21
16346,0.08
16351,0.08
16352,0.08
16354,0.44
16356,0.41
16361,0.18
16364,0.38
16365,0.31
16378,0.03
16381,0.11
16387,0.0
16389,0.27
16393,0.03
16401,0.06
16413,0.73
16414,0.16
16418,0.21
16421,0.08
16422,0.29
16424,0.16
16425,0.36
16432,0.08
16439,0.0
16442,0.0
16445,0.08
16453,0.08
16456,0.08
16459,0.27
16460,0.0
16462,0.31
16465,0.65
16466,0.08
16468,0.23
16472,0.23
16473,0.08
16476,0.79
16477,0.08
16488,0.08
16495,0.11
16500,0.31
16501,0.11
16506,0.27
16519,0.08
16522,0.08
16524,0.0
16526,0.21
16527,0.08
16532,0.35
16540,0.25
16546,0.08
16548,0.0
16553,0.08
16555,0.82
16558,0.14
16565,0.08
16567,0.08
16569,0.0
16573,0.31
16577,0.0
16589,0.08
16595,0.31
16603,0.03
16612,0.08
16616,0.0
16620,0.08
16622,0.25
16632,0.08
16637,0.11
16638,0.03
16639,0.11
16658,0.08
16681,0.56
16683,0.0
16685,0.0
16686,0.49
16688,0.11
16694,0.08
16699,0.25
16700,0.11
16705,0.14
16706,0.4
16709,0.33
16721,0.0
16722,0.49
16726,0.08
16727,0.16
16730,0.08
16734,0.08
16742,0.08
16744,0.25
16749,0.08
16759,0.03
16763,0.31
16771,0.11
16772,0.08
16774,0.31
16777,0.36
16780,0.73
16786,0.0
16787,0.08
16795,0.11
16796,0.08
16797,0.7
16799,0.08
16806,0.57
16810,0.29
16814,0.14
16816,0.75
16822,0.0
16828,0.36
16836,0.33
16838,0.08
16839,0.16
16840,0.08
16841,0.44
16843,0.16
16844,0.11
16853,0.08
16858,0.46
16861,0.08
16866,0.0
16870,0.31
16873,0.11
16874,0.14
16887,0.43
16891,0.03
16892,0.06
16898,0.18
16902,0.21
16903,0.08
16909,0.08
16917,0.11
16921,0.08
16930,0.08
16931,0.08
16936,0.11
16937,0.08
16942,0.08
16944,0.0
16952,0.61
16954,0.11
16956,0.11
16971,0.08
16979,0.08
16980,0.08
16981,0.08
16986,0.79
16989,0.0
16991,0.08
16995,0.51
16999,0.31
17000,0.08
17007,0.31
17009,0.03
17010,0.08
17011,0.51
17012,0.44
17014,0.03
17015,0.08
17027,0.31
17030,0.08
17034,0.36
17060,0.08
17062,0.11
17064,0.0
17069,0.11
17071,0.08
17073,0.08
17077,0.08
17080,0.81
17082,0.08
17083,0.29
17085,0.08
17089,0.55
17091,0.33
17095,0.33
17098,0.18
17100,0.21
17105,0.08
17107,0.08
17110,0.11
17118,0.54
17119,0.03
17123,0.08
17129,0.08
17130,0.0
17141,0.11
17142,0.08
17149,0.08
17153,0.08
17163,0.25
17164,0.67
17173,0.0
17185,0.08
17194,0.79
17197,0.08
17198,0.08
17208,0.31
17214,0.11
17217,0.08
17222,0.31
17225,0.11
17228,0.08
17229,0.38
17235,0.0
17236,0.25
17238,0.0
17241,0.69
17242,0.0
17255,0.16
17256,0.08
17257,0.14
17258,0.33
17259,0.11
17261,0.08
17267,0.03
17275,0.21
17276,0.0
17277,0.18
17279,0.33
17283,0.08
17294,0.31
17302,0.33
17309,0.27
17319,0.31
17340,0.0
17343,0.64
17354,0.78
17355,0.11
17371,0.18
17373,0.33
17374,0.11
17376,0.0
17379,0.03
17382,0.16
17385,0.08
17388,0.0
17391,0.59
17399,0.14
17406,0.0
17410,0.31
17414,0.08
17418,0.36
17421,0.0
17426,0.03
17427,0.49
17428,0.76
17430,0.11
17435,0.33
17436,0.11
17439,0.16
17440,0.08
17445,0.77
17461,0.33
17462,0.51
17463,0.4
17464,0.0
17467,0.93
17471,0.74
17473,0.08
17477,0.41
17481,0.08
17492,0.08
17495,0.08
17498,0.08
17502,0.03
17512,0.29
17516,0.49
17524,0.11
17526,0.08
17530,0.08
17534,0.0
17535,0.08
17542,0.11
17548,0.11
17549,0.29
17553,0.08
17558,0.08
17560,0.03
17562,0.08
17563,0.33
17568,0.08
17591,0.08
17592,0.27
17597,0.11
17598,0.11
17599,0.69
17602,0.11
17607,0.23
17610,0.54
17613,0.16
17618,0.0
17619,0.11
17621,0.21
17622,0.08
17628,0.08
17629,0.08
17637,0.08
17638,0.11
17640,0.4
17641,0.08
17643,0.33
17647,0.16
17650,0.08
17658,0.06
17666,0.29
17671,0.03
17674,0.5
17677,0.08
17683,0.11
17684,0.08
17685,0.08
17686,0.11
17691,0.33
17703,0.08
17704,0.59
17720,0.08
17727,0.23
17731,0.43
17732,0.08
17734,0.08
17738,0.11
17742,0.23
17744,0.08
17755,0.25
17757,0.0
17758,0.03
17760,0.23
17761,0.0
17766,0.03
17767,0.03
17769,0.21
17775,0.31
17777,0.08
17787,0.21
17796,0.08
17800,0.0
17801,0.0
17804,0.33
17805,0.18
17809,0.08
17811,0.23
17817,0.08
17820,0.43
17824,0.03
17826,0.23
17829,0.0
17831,0.41
17835,0.11
17838,0.08
17839,0.29
17842,0.08
17845,0.0
17852,0.0
17857,0.0
17859,0.55
17865,0.27
17869,0.65
17873,0.08
17881,0.36
17883,0.08
17884,0.18
17886,0.03
17888,0.16
17896,0.08
17898,0.14
17899,0.27
17902,0.0
17912,0.08
17914,0.68
17917,0.25
17927,0.21
17938,0.16
17940,0.43
17942,0.08
17947,0.08
17951,0.08
17961,0.29
17964,0.14
17967,0.11
17971,0.06
17972,0.08
17973,0.11
17975,0.08
17976,0.08
17981,0.03
17982,0.94
17985,0.08
17987,0.03
17988,0.55
17993,0.08
18010,0.08
18018,0.0
18023,0.03
18028,0.08
18032,0.38
18034,0.03
18035,0.11
18036,0.03
18039,0.08
18041,0.11
18042,0.08
18051,0.18
18052,0.77
18054,0.33
18059,0.31
18062,0.03
18070,0.0
18074,0.0
18075,0.08
18082,0.35
18085,0.08
18091,0.0
18092,0.08
18093,0.08
18101,0.16
18108,0.16
18113,0.11
18115,0.03
18118,0.06
18122,0.03
18132,0.23
18135,0.11
18138,0.11
18140,0.08
18142,0.29
18149,0.31
18150,0.11
18155,0.03
18157,0.0
18161,0.08
18163,0.71
18166,0.03
18169,0.33
18176,0.64
18188,0.11
18189,0.08
18196,0.27
18198,0.08
18199,0.31
18203,0.8
18206,0.31
18214,0.7
18220,0.0
18225,0.51
18231,0.08
18239,0.08
18242,0.03
18243,0.08
18249,0.16
18253,0.23
18254,0.11
18256,0.53
18257,0.08
18266,0.03
18268,0.08
18271,0.08
18273,0.36
18274,0.08
18276,0.31
18280,0.0
18284,0.03
18285,0.08
18288,0.0
18296,0.08
18298,0.55
18301,0.33
18306,0.08
18309,0.11
18316,0.61
18321,0.08
18322,0.08
18324,0.0
18327,0.11
18331,0.29
18332,0.0
18333,0.14
18342,0.29
18346,0.08
18348,0.08
18351,0.18
18355,0.55
18356,0.08
18358,0.62
18361,0.08
18362,0.08
18367,0.0
18369,0.08
18370,0.11
18375,0.14
18381,0.14
18384,0.16
18386,0.16
18387,0.03
18388,0.23
18392,0.08
18393,0.54
18394,0.08
18405,0.03
18411,0.14
18412,0.08
18413,0.03
18414,0.43
18421,0.08
18425,0.08
18426,0.31
18427,0.08
18431,0.31
18432,0.18
18434,0.31
18439,0.08
18445,0.44
18449,0.0
18454,0.08
18455,0.08
18456,0.08
18467,0.16
18470,0.29
18473,0.0
18480,0.03
18483,0.11
18486,0.08
18492,0.16
18493,0.11
18496,0.55
18498,0.0
18500,0.51
18501,0.08
18504,0.08
18508,0.11
18515,0.08
18520,0.51
18523,0.11
18525,0.08
18528,0.51
18533,0.08
18541,0.08
18546,0.31
18548,0.03
18551,0.11
18553,0.0
18559,0.08
18560,0.87
18565,0.23
18567,0.08
18575,0.08
18578,0.11
18583,0.35
18590,0.08
18599,0.0
18602,0.9
18603,0.18
18607,0.08
18609,0.81
18610,0.11
18611,0.03
18615,0.35
18623,0.27
18624,0.54
18628,0.11
18633,0.11
18637,0.23
18641,0.0
18652,0.0
18655,0.14
18661,0.43
18669,0.11
18684,0.08
18688,0.11
18691,0.11
18695,0.16
18699,0.08
18701,0.27
18707,0.27
18708,0.44
18718,0.08
18721,0.31
18724,0.08
18726,0.14
18727,0.08
18730,0.66
18732,0.08
18739,0.06
18753,0.11
18757,0.66
18759,0.33
18763,0.11
18766,0.08
18769,0.11
18770,0.31
18778,0.08
18788,0.11
18789,0.25
18790,0.03
18792,0.03
18793,0.08
18800,0.08
18807,0.03
18809,0.38
18820,0.14
18822,0.31
18826,0.08
18828,0.35
18833,0.72
18834,0.14
18835,0.25
18840,0.76
18841,0.08
18846,0.16
18849,0.03
18850,0.08
18854,0.54
18861,0.55
18862,0.33
18866,0.03
18867,0.03
18874,0.31
18879,0.08
18888,0.31
18894,0.03
18897,0.08
18901,0.0
18903,0.08
18914,0.27
18915,0.41
18929,0.08
18940,0.08
18941,0.16
18951,0.03
18959,0.08
18961,0.08
18970,0.08
18975,0.27
18977,0.16
18979,0.03
18989,0.0
19001,0.08
19002,0.08
19017,0.0
19020,0.46
19023,0.08
19024,0.11
19025,0.03
19039,0.08
19048,0.16
19052,0.16
19054,0.74
19065,0.08
19072,0.31
19076,0.25
19081,0.11
19089,0.11
19091,0.08
19093,0.08
19094,0.08
19096,0.03
19098,0.08
19100,0.16
19102,0.08
19103,0.67
19106,0.31
19108,0.03
19109,0.0
19110,0.36
19112,0.36
19113,0.03
19130,0.16
19146,0.33
19150,0.11
19157,0.38
19160,0.08
19171,0.56
19173,0.11
19174,0.08
19187,0.69
19189,0.14
19190,0.08
19193,0.08
19198,0.03
19199,0.31
19205,0.08
19214,0.03
19215,0.08
19216,0.18
19221,0.06
19226,0.25
19239,0.0
19240,0.03
19257,0.68
19258,0.08
19259,0.18
19263,0.16
19269,0.11
19275,0.31
19281,0.08
19283,0.03
19284,0.08
19287,0.08
19292,0.14
19295,0.08
19301,0.11
19302,0.11
19307,0.11
19310,0.0
19311,0.08
19318,0.4
19319,0.03
19321,0.08
19335,0.08
19340,0.0
19346,0.0
19353,0.08
19360,0.08
19361,0.08
19362,0.11
19381,0.23
19395,0.33
19400,0.14
19401,0.36
19404,0.03
19411,0.08
19436,0.03
19441,0.0
19444,0.43
19453,0.11
19458,0.08
19467,0.0
19469,0.36
19471,0.0
19480,0.41
19486,0.36
19487,0.49
19494,0.43
19510,0.33
19516,0.29
19530,0.08
19533,0.27
19538,0.0
19539,0.36
19548,0.08
19552,0.08
19557,0.73
19559,0.08
19563,0.08
19568,0.08
19578,0.08
19580,0.06
19582,0.08
19592,0.03
19597,0.0
19598,0.57
19600,0.14
19603,0.73
19605,0.08
19616,0.31
19627,0.03
19629,0.11
19630,0.11
19631,0.21
19637,0.21
19640,0.08
19642,0.18
19645,0.08
19648,0.38
19655,0.08
19660,0.08
19661,0.57
19669,0.08
19679,0.08
19682,0.03
19684,0.0
19686,0.25
19689,0.08
19696,0.51
19697,0.0
19698,0.08
19706,0.08
19712,0.43
19721,0.75
19726,0.11
19728,0.08
19729,0.41
19730,0.68
19731,0.31
19732,0.08
19735,0.0
19741,0.03
19744,0.08
19750,0.03
19752,0.03
19759,0.57
19764,0.03
19768,0.08
19770,0.08
19772,0.08
19775,0.08
19778,0.08
19783,0.0
19785,0.16
19788,0.16
19791,0.35
19794,0.72
19795,0.06
19796,0.96
19799,0.08
19800,0.21
19806,0.0
19815,0.0
19819,0.0
19821,0.63
19822,0.23
19823,0.21
19824,0.06
19828,0.06
19833,0.21
19834,0.16
19838,0.08
19840,0.29
19841,0.08
19842,0.08
19844,0.11
19851,0.27
19861,0.11
19863,0.08
19865,0.03
19870,0.08
19871,0.0
19872,0.33
19875,0.08
19876,0.08
19878,0.08
19879,0.11
19882,0.03
19885,0.81
19889,0.11
19893,0.0
19900,0.0
19915,0.21
19917,0.0
19918,0.31
19920,0.16
19921,0.11
19923,0.21
19924,0.0
19932,0.44
19939,0.36
19947,0.76
19948,0.25
19952,0.0
19953,0.16
19957,0.08
19964,0.23
19966,0.08
19971,0.11
19976,0.44
19977,0.11
19980,0.33
19981,0.11
19983,0.0
19984,0.11
19988,0.11
19991,0.03
20009,0.47
20017,0.08
20019,0.29
20020,0.03
20021,0.16
20023,0.08
20025,0.03
20041,0.03
20045,0.11
20051,0.08
20055,0.36
20061,0.0
20065,0.08
20066,0.46
20070,0.21
20072,0.03
20077,0.11
20080,0.08
20081,0.08
20083,0.11
20084,0.11
20086,0.06
20094,0.08
20099,0.11
20109,0.08
20110,0.08
20114,0.08
20119,0.08
20121,0.08
20127,0.31
20137,0.43
20143,0.25
20145,0.08
20153,0.0
20154,0.33
20158,0.23
20159,0.08
20160,0.11
20172,0.27
20173,0.08
20178,0.74
20180,0.11
20185,0.31
20189,0.08
20193,0.94
20197,0.08
20199,0.4
20203,0.08
20208,0.08
20212,0.23
20215,0.08
20221,0.38
20224,0.11
20228,0.73
20232,0.06
20242,0.08
20254,0.08
20257,0.35
20258,0.23
20260,0.08
20261,0.16
20262,0.11
20263,0.08
20267,0.25
20269,0.11
20271,0.03
20273,0.11
20274,0.49
20282,0.11
20284,0.08
20286,0.08
20289,0.03
20291,0.29
20292,0.03
20295,0.36
20298,0.31
20299,0.29
20301,0.08
20306,0.08
20312,0.11
20320,0.31
20325,0.75
20326,0.08
20333,0.16
20334,0.68
20335,0.08
20339,0.08
20345,0.33
20346,0.0
20347,0.08
20348,0.11
20350,0.0
20354,0.08
20355,0.0
20367,0.16
20370,0.49
20378,0.0
20380,0.08
20391,0.08
20395,0.36
20396,0.11
20397,0.36
20398,0.55
20403,0.0
20405,0.35
20407,0.11
20411,0.7
20416,0.03
20417,0.08
20418,0.76
20422,0.08
20426,0.5
20431,0.47
20434,0.29
20442,0.35
20445,0.11
20446,0.0
20452,0.0
20453,0.08
20454,0.36
20462,0.73
20467,0.08
20470,0.27
20472,0.03
20473,0.11
20474,0.11
20477,0.11
20478,0.0
20479,0.08
20489,0.18
20491,0.11
20493,0.08
20497,0.11
20498,0.74
20504,0.11
20514,0.68
20516,0.36
20519,0.08
20524,0.08
20529,0.08
20532,0.11
20534,0.08
20538,0.03
20543,0.25
20544,0.08
20549,0.11
20550,0.08
20560,0.27
20569,0.11
20574,0.36
20597,0.23
20603,0.0
20607,0.08
20609,0.11
20615,0.11
20616,0.11
20622,0.31
20623,0.25
20625,0.08
20628,0.08
20629,0.11
20631,0.11
20635,0.03
20636,0.08
20640,0.08
20644,0.31
20645,0.0
20651,0.08
20659,0.08
20666,0.08
20673,0.03
20677,0.0
20692,0.08
20698,0.08
20703,0.11
20709,0.08
20727,0.63
20729,0.08
20734,0.46
20740,0.31
20741,0.03
20742,0.0
20744,0.06
20751,0.14
20756,0.35
20761,0.08
20762,0.41
20764,0.08
20766,0.18
20768,0.08
20770,0.78
20776,0.27
20777,0.08
20779,0.03
20782,0.03
20784,0.21
20793,0.29
20795,0.31
20799,0.08
20802,0.41
20814,0.08
20832,0.44
20836,0.08
20837,0.08
20838,0.18
20842,0.4
20849,0.03
20850,0.08
20856,0.53
20857,0.0
20858,0.7
20861,0.0
20870,0.08
20871,0.08
20872,0.18
20886,0.31
20889,0.36
20890,0.06
20894,0.08
20898,0.08
20903,0.0
20911,0.23
20918,0.47
20927,0.11
20930,0.03
20941,0.77
20942,0.63
20953,0.03
20955,0.08
20957,0.81
20975,0.33
20976,0.03
20981,0.03
20988,0.08
20989,0.03
20996,0.29
20999,0.08
21001,0.31
21012,0.08
21014,0.08
21018,0.08
21019,0.08
21022,0.06
21028,0.08
21032,0.03
21038,0.08
21039,0.9
21041,0.89
21045,0.16
21046,0.08
21051,0.11
21052,0.08
21053,0.35
21055,0.44
21069,0.5
21072,0.14
21076,0.16
21083,0.08
21090,0.21
21097,0.11
21098,0.11
21103,0.44
21112,0.31
21129,0.0
21130,0.08
21132,0.08
21134,0.75
21137,0.08
21143,0.33
21146,0.29
21147,0.47
21151,0.08
21153,0.11
21159,0.31
21163,0.08
21166,0.08
21171,0.79
21178,0.29
21184,0.08
21185,0.5
21186,0.44
21187,0.08
21193,0.08
21194,0.68
21201,0.08
21205,0.08
21209,0.33
21210,0.08
21211,0.03
21216,0.41
21220,0.14
21221,0.56
21225,0.0
21232,0.08
21233,0.08
21236,0.44
21245,0.62
21247,0.71
21250,0.68
21252,0.08
21256,0.03
21257,0.0
21263,0.11
21265,0.36
21272,0.18
21275,0.0
21277,0.08
21278,0.0
21290,0.35
21296,0.0
21300,0.08
21302,0.11
21303,0.08
21313,0.29
21314,0.0
21344,0.08
21346,0.23
21350,0.08
21353,0.81
21355,0.18
21361,0.11
21364,0.21
21366,0.08
21367,0.0
21370,0.03
21378,0.08
21379,0.44
21380,0.08
21383,0.43
21384,0.14
21391,0.4
21396,0.66
21398,0.21
21408,0.11
21409,0.08
21410,0.08
21423,0.11
21425,0.81
21428,0.03
21432,0.11
21436,0.03
21437,0.0
21444,0.97
21448,0.08
21450,0.08
21461,0.0
21463,0.08
21464,0.36
21466,0.78
21467,0.08
21471,0.11
21474,0.08
21484,0.33
21485,0.23
21489,0.08
21494,0.08
21495,0.0
21496,0.31
21497,0.08
21501,0.08
21512,0.95
21513,0.69
21515,0.03
21524,0.18
21528,0.11
21529,0.8
21534,0.08
21535,0.08
21538,0.08
21544,0.31
21546,0.08
21553,0.08
21572,0.71
21578,0.31
21579,0.21
21582,0.08
21590,0.08
21592,0.08
21595,0.61
21598,0.08
21604,0.08
21605,0.46
21607,0.03
21608,0.14
21610,0.11
21611,0.06
21612,0.08
21615,0.18
21623,0.08
21624,0.14
21630,0.08
21633,0.11
21635,0.08
21638,0.03
21642,0.16
21644,0.21
21646,0.21
21649,0.03
21654,0.71
21656,0.08
21659,0.49
21662,0.08
21670,0.11
21672,0.21
21674,0.38
21675,0.54
21678,0.08
21685,0.95
21697,0.03
21699,0.08
21707,0.08
21712,0.0
21714,0.27
21715,0.36
21717,0.33
21718,0.08
21720,0.16
21723,0.08
21736,0.68
21742,0.08
21746,0.03
21748,0.0
21754,0.06
21755,0.33
21757,0.06
21758,0.03
21759,0.11
21765,0.49
21768,0.11
21777,0.47
21778,0.08
21780,0.08
21787,0.11
21801,0.38
21804,0.83
21805,0.11
21806,0.08
21814,0.11
21821,0.76
21828,0.7
21836,0.08
21839,0.08
21849,0.08
21851,0.11
21852,0.0
21858,0.11
21859,0.08
21861,0.03
21864,0.11
21866,0.27
21870,0.08
21873,0.33
21878,0.08
21880,0.03
21883,0.06
21888,0.11
21890,0.65
21891,0.03
21892,0.71
21895,0.11
21901,0.36
21905,0.7
21906,0.08
21909,0.35
21911,0.08
21912,0.08
21918,0.08
21919,0.0
21924,0.16
21927,0.16
21928,0.49
21932,0.08
21941,0.72
21944,0.08
21945,0.0
21948,0.08
21953,0.03
21965,0.33
21966,0.56
21974,0.08
21983,0.27
21987,0.31
21992,0.16
22000,0.11
22001,0.11
22007,0.33
22008,0.08
22019,0.5
22020,0.16
22026,0.72
22030,0.0
22032,0.0
22036,0.08
22039,0.08
22048,0.0
22050,0.03
22051,0.25
22056,0.03
22057,0.11
22061,0.23
22075,0.0
22082,0.16
22084,0.11
22095,0.08
22096,0.0
22102,0.08
22111,0.21
22113,0.4
22116,0.03
22125,0.08
22128,0.08
22132,0.11
22133,0.36
22139,0.08
22141,0.08
22142,0.08
22144,0.08
22151,0.18
22160,0.08
22168,0.08
22169,0.0
22170,0.16
22172,0.03
22174,0.0
22177,0.08
22178,0.18
22189,0.08
22199,0.11
22200,0.08
22201,0.33
22204,0.0
22209,0.0
22210,0.08
22215,0.7
22217,0.03
22228,0.14
22230,0.03
22239,0.14
22246,0.08
22252,0.0
22253,0.25
22255,0.08
22265,0.08
22268,0.08
22272,0.08
22273,0.03
22274,0.33
22287,0.55
22290,0.73
22293,0.08
22294,0.06
22296,0.11
22297,0.11
22304,0.0
22309,0.29
22320,0.0
22323,0.11
22334,0.08
22336,0.03
22340,0.25
22354,0.11
22355,0.72
22357,0.25
22358,0.83
22361,0.21
22365,0.0
22366,0.11
22367,0.08
22368,0.0
22378,0.08
22380,0.03
22383,0.08
22404,0.0
22406,0.73
22409,0.16
22410,0.38
22413,0.0
22414,0.56
22421,0.03
22425,0.08
22436,0.03
22438,0.43
22440,0.08
22441,0.14
22446,0.03
22448,0.16
22449,0.08
22452,0.71
22454,0.18
22455,0.38
22458,0.0
22466,0.31
22469,0.08
22481,0.08
22484,0.11
22485,0.08
22487,0.11
22491,0.55
22493,0.29
22496,0.08
22497,0.11
22500,0.08
22508,0.11
22516,0.23
22517,0.08
22529,0.0
22532,0.29
22534,0.08
22540,0.41
22548,0.68
22553,0.08
22554,0.14
22558,0.11
22561,0.14
22564,0.08
22567,0.0
22578,0.08
22599,0.11
22600,0.29
22605,0.08
22607,0.03
22612,0.08
22616,0.11
22618,0.0
22625,0.08
22643,0.11
22644,0.03
22649,0.21
22650,0.31
22663,0.33
22665,0.25
22674,0.36
22677,0.33
22680,0.08
22698,0.44
22704,0.03
22709,0.76
22711,0.44
22715,0.55
22717,0.11
22719,0.0
22721,0.11
22728,0.14
22735,0.16
22741,0.03
22746,0.08
22747,0.11
22753,0.11
22755,0.14
22757,0.57
22758,0.11
22760,0.29
22763,0.0
22770,0.23
22772,0.11
22774,0.54
22775,0.6
22779,0.0
22781,0.08
22782,0.51
22785,0.08
22787,0.03
22789,0.03
22792,0.11
22793,0.0
22795,0.0
22796,0.46
22808,0.55
22816,0.08
22821,0.36
22825,0.08
22832,0.08
22835,0.0
22839,0.54
22854,0.14
22855,0.35
22860,0.08
22867,0.08
22875,0.72
22877,0.0
22879,0.33
22888,0.03
22889,0.31
22890,0.23
22894,0.16
22907,0.44
22915,0.67
22919,0.14
22935,0.08
22949,0.11
22950,0.27
22953,0.31
22957,0.11
22959,0.08
22961,0.11
22963,0.38
22978,0.36
22980,0.0
22982,0.0
22995,0.16
23000,0.08
23001,0.03
23003,0.16
23008,0.56
23013,0.08
23022,0.23
23026,0.08
23032,0.11
23033,0.57
23040,0.23
23041,0.08
23048,0.44
23050,0.08
23052,0.08
23058,0.03
23071,0.08
23084,0.53
23092,0.57
23094,0.08
23098,0.14
23099,0.0
23102,0.0
23107,0.11
23109,0.0
23110,0.08
23114,0.43
23118,0.27
23121,0.03
23125,0.0
23128,0.03
23133,0.03
23135,0.21
23140,0.4
23143,0.14
23146,0.11
23154,0.16
23162,0.11
23181,0.31
23183,0.03
23199,0.08
23203,0.08
23204,0.08
23205,0.08
23208,0.23
23209,0.11
23213,0.23
23214,0.68
23228,0.03
23236,0.08
23242,0.08
23245,0.4
23247,0.27
23252,0.08
23253,0.08
23268,0.29
23273,0.29
23275,0.7
23282,0.27
23284,0.27
23285,0.11
23297,0.4
23299,0.14
23303,0.54
23306,0.08
23316,0.08
23333,0.14
23334,0.23
23346,0.11
23347,0.31
23350,0.11
23357,0.31
23360,0.11
23363,0.08
23368,0.03
23371,0.0
23374,0.18
23378,0.44
23386,0.11
23389,0.11
23393,0.0
23397,0.54
23401,0.0
23404,0.08
23410,0.16
23413,0.11
23417,0.03
23424,0.68
23427,0.11
23429,0.47
23437,0.49
23441,0.41
23443,0.08
23446,0.11
23448,0.08
23450,0.31
23452,0.27
23453,0.23
23456,0.33
23462,0.03
23463,0.0
23464,0.0
23466,0.36
23468,0.27
23475,0.08
23476,0.69
23483,0.23
23486,0.11
23489,0.0
23490,0.31
23495,0.31
23498,0.25
23502,0.11
23505,0.08
23518,0.08
23533,0.08
23538,0.54
23544,0.67
23550,0.33
23552,0.0
23554,0.08
23555,0.03
23567,0.53
23568,0.73
23572,0.31
23578,0.08
23579,0.16
23581,0.0
23583,0.03
23589,0.14
23595,0.31
23600,0.11
23604,0.25
23611,0.56
23613,0.08
23616,0.0
23619,0.74
23622,0.08
23625,0.82
23631,0.11
23632,0.03
23636,0.11
23637,0.11
23646,0.0
23647,0.08
23648,0.0
23649,0.03
23658,0.08
23659,0.21
23662,0.03
23663,0.16
23664,0.74
23666,0.46
23670,0.33
23671,0.16
23674,0.0
23678,0.33
23683,0.08
23684,0.08
23690,0.11
23695,0.11
23698,0.11
23702,0.31
23704,0.38
23715,0.23
23716,0.03
23721,0.43
23724,0.08
23730,0.08
23733,0.21
23738,0.33
23745,0.11
23754,0.08
23757,0.38
23758,0.69
23759,0.08
23763,0.36
23773,0.08
23778,0.08
23780,0.08
23784,0.51
23789,0.49
23793,0.69
23794,0.08
23802,0.11
23809,0.35
23813,0.43
23815,0.33
23820,0.73
23821,0.11
23823,0.88
23832,0.35
23833,0.08
23837,0.14
23838,0.0
23841,0.55
23843,0.31
23847,0.29
23848,0.0
23861,0.11
23864,0.0
23867,0.11
23869,0.21
23872,0.16
23882,0.35
23887,0.75
23899,0.08
23907,0.41
23920,0.55
23927,0.03
23932,0.43
23946,0.0
23953,0.11
23964,0.27
23970,0.72
23975,0.03
23977,0.69
23978,0.11
23983,0.11
23989,0.08
23990,0.08
23992,0.0
23997,0.29
23999,0.08
24004,0.08
24012,0.08
24014,0.16
24017,0.08
24019,0.57
24020,0.35
24024,0.08
24027,0.08
24037,0.08
24041,0.31
24043,0.08
24044,0.08
24049,0.11
24050,0.08
24051,0.11
24059,0.03
24061,0.31
24068,0.11
24071,0.08
24073,0.08
24083,0.11
24086,0.5
24109,0.03
24115,0.08
24116,0.03
24118,0.18
24120,0.21
24125,0.47
24132,0.0
24138,0.0
24139,0.08
24146,0.16
24150,0.14
24160,0.25
24163,0.11
24164,0.35
24169,0.35
24176,0.11
24177,0.11
24178,0.08
24179,0.31
24180,0.29
24188,0.08
24190,0.31
24193,0.68
24200,0.0
24205,0.11
24211,0.76
24215,0.11
24216,0.08
24218,0.14
24221,0.76
24223,0.03
24224,0.33
24225,0.08
24226,0.06
24237,0.08
24246,0.73
24251,0.08
24252,0.0
24258,0.08
24261,0.75
24263,0.08
24274,0.08
24275,0.31
24276,0.11
24280,0.08
24289,0.03
24292,0.11
24297,0.33
24300,0.03
24301,0.08
24302,0.11
24303,0.5
24306,0.29
24316,0.03
24317,0.31
24321,0.23
24326,0.18
24334,0.08
24339,0.23
24343,0.03
24344,0.0
24345,0.16
24347,0.08
24349,0.08
24353,0.31
24360,0.08
24361,0.0
24363,0.08
24364,0.11
24370,0.33
24373,0.08
24374,0.53
24376,0.31
24379,0.23
24392,0.23
24397,0.29
24400,0.16
24403,0.0
24406,0.31
24413,0.66
24417,0.08
24418,0.11
24421,0.56
24432,0.08
24437,0.63
24440,0.74
24442,0.49
24443,0.03
24445,0.46
24452,0.36
24453,0.08
24454,0.21
24456,0.0
24457,0.14
24463,0.03
24465,0.0
24468,0.0
24469,0.08
24475,0.11
24485,0.0
24491,0.23
24495,0.08
24498,0.4
24499,0.71
24502,0.31
24505,0.0
24507,0.16
24513,0.31
24516,0.08
24525,0.16
24530,0.21
24532,0.11
24544,0.0
24546,0.75
24547,0.08
24549,0.36
24550,0.11
24554,0.08
24558,0.08
24560,0.03
24562,0.08
24563,0.08
24585,0.84
24598,0.33
24604,0.29
24607,0.25
24608,0.03
24615,0.25
24622,0.0
24623,0.08
24627,0.0
24630,0.43
24632,0.08
24637,0.33
24649,0.08
24653,0.0
24658,0.33
24659,0.14
24664,0.08
24665,0.08
24674,0.08
24681,0.56
24683,0.5
24689,0.35
24691,0.33
24692,0.35
24695,0.08
24698,0.08
24702,0.08
24708,0.57
24710,0.4
24714,0.56
24717,0.08
24730,0.11
24742,0.25
24748,0.11
24753,0.11
24754,0.08
24755,0.16
24760,0.0
24761,0.0
24775,0.21
24776,0.11
24779,0.29
24784,0.03
24787,0.08
24788,0.0
24795,0.06
24796,0.08
24804,0.31
24805,0.27
24806,0.73
24807,0.08
24813,0.44
24818,0.08
24825,0.31
24828,0.08
24829,0.33
24833,0.08
24834,0.08
24839,0.31
24851,0.08
24858,0.0
24860,0.31
24861,0.11
24864,0.03
24865,0.0
24867,0.11
24873,0.08
24874,0.03
24879,0.08
24883,0.03
24884,0.08
24896,0.08
24900,0.08
24906,0.29
24917,0.08
24922,0.06
24926,0.31
24927,0.76
24934,0.08
24941,0.08
24942,0.03
24946,0.55
24951,0.51
24961,0.08
24963,0.11
24964,0.7
24971,0.06
24973,0.63
24976,0.11
24981,0.31
24985,0.08
24986,0.03
24989,0.35
24994,0.11
24996,0.65
24999,0.73
25001,0.0
25004,0.08
25015,0.31
25018,0.0
25019,0.0
25025,0.78
25030,0.57
25051,0.14
25054,0.36
25057,0.0
25058,0.03
25060,0.0
25062,0.11
25064,0.29
25066,0.16
25073,0.11
25077,0.41
25084,0.08
25086,0.11
25087,0.16
25091,0.16
25096,0.43
25105,0.79
25106,0.11
25110,0.49
25118,0.0
25120,0.4
25121,0.08
25128,0.18
25138,0.16
25139,0.14
25140,0.27
25143,0.14
25144,0.73
25163,0.38
25166,0.03
25168,0.16
25172,0.27
25180,0.31
25185,0.43
25188,0.35
25195,0.08
25215,0.08
25218,0.11
25228,0.66
25233,0.03
25234,0.18
25240,0.33
25241,0.08
25244,0.21
25255,0.08
25256,0.73
25265,0.33
25268,0.41
25271,0.06
25275,0.03
25283,0.18
25289,0.53
25297,0.11
25307,0.08
25309,0.0
25311,0.03
25320,0.0
25323,0.03
25329,0.38
25334,0.08
25341,0.03
25350,0.03
25355,0.0
25359,0.11
25366,0.16
25370,0.08
25371,0.27
25373,0.08
25375,0.08
25379,0.25
25381,0.08
25382,0.18
25387,0.11
25389,0.08
25391,0.0
25394,0.78
25395,0.08
25396,0.54
25403,0.8
25406,0.11
25408,0.08
25415,0.87
25423,0.0
25434,0.65
25442,0.31
25448,0.08
25455,0.08
25456,0.16
25460,0.03
25462,0.31
25467,0.43
25473,0.4
25476,0.08
25478,0.0
25485,0.65
25486,0.08
25488,0.08
25498,0.11
25501,0.08
25502,0.11
25507,0.0
25508,0.03
25513,0.11
25517,0.08
25518,0.44
25524,0.31
25526,0.08
25528,0.08
25539,0.29
25553,0.11
25564,0.08
25565,0.0
25571,0.11
25575,0.0
25578,0.21
25579,0.44
25581,0.0
25585,0.62
25597,0.4
25598,0.36
25609,0.11
25619,0.06
25622,0.08
25624,0.35
25640,0.14
25644,0.21
25647,0.08
25651,0.54
25653,0.08
25657,0.33
25662,0.16
25665,0.03
25667,0.61
25668,0.11
25669,0.08
25673,0.08
25674,0.27
25678,0.0
25681,0.08
25692,0.57
25694,0.29
25699,0.31
25700,0.03
25704,0.55
25706,0.31
25707,0.31
25708,0.08
25709,0.16
25717,0.0
25718,0.03
25723,0.11
25726,0.08
25729,0.44
25732,0.14
25733,0.08
25734,0.11
25735,0.61
25737,0.11
25740,0.11
25747,0.03
25751,0.0
25757,0.11
25763,0.63
25764,0.31
25771,0.08
25772,0.23
25775,0.08
25778,0.11
25787,0.08
25790,0.08
25791,0.14
25796,0.7
25799,0.11
25801,0.0
25806,0.33
25810,0.0
25813,0.31
25814,0.0
25815,0.08
25816,0.11
25817,0.33
25827,0.31
25833,0.08
25834,0.0
25845,0.31
25846,0.08
25848,0.23
25849,0.0
25850,0.25
25856,0.08
25867,0.08
25868,0.25
25872,0.0
25880,0.08
25884,0.68
25893,0.0
25904,0.06
25906,0.08
25915,0.03
25921,0.35
25922,0.16
25924,0.18
25925,0.08
25928,0.27
25940,0.35
25949,0.08
25953,0.0
25958,0.18
25959,0.38
25962,0.0
25965,0.08
25972,0.08
25975,0.43
25978,0.0
25979,0.72
25986,0.67
25997,0.06
26003,0.11
26005,0.76
26009,0.08
26011,0.16
26013,0.03
26017,0.27
26021,0.08
26022,0.14
26029,0.08
26030,0.0
26031,0.0
26036,0.47
26043,0.33
26045,0.11
26047,0.0
26048,0.14
26050,0.08
26058,0.08
26063,0.31
26068,0.08
26073,0.03
26076,0.41
26080,0.43
26088,0.03
26093,0.03
26105,0.47
26106,0.11
26107,0.08
26110,0.08
26111,0.14
26115,0.03
26116,0.08
26119,0.08
26121,0.11
26122,0.33
26123,0.11
26126,0.08
26129,0.23
26135,0.0
26139,0.11
26140,0.03
26144,0.11
26155,0.08
26173,0.03
26181,0.14
26185,0.14
26190,0.21
26191,0.49
26197,0.16
26198,0.08
26200,0.6
26202,0.51
26219,0.31
26220,0.0
26232,0.23
26240,0.63
26241,0.08
26244,0.03
26247,0.08
26250,0.36
26255,0.08
26261,0.0
26263,0.43
26273,0.11
26274,0.08
26277,0.08
26279,0.11
26281,0.08
26282,0.08
26285,0.23
26290,0.4
26296,0.08
26298,0.08
26317,0.03
26319,0.08
26323,0.47
26324,0.11
26326,0.11
26330,0.08
26333,0.0
26354,0.08
26368,0.11
26371,0.33
26379,0.08
26383,0.31
26384,0.51
26387,0.11
26389,0.08
26390,0.21
26399,0.16
26403,0.31
26406,0.0
26407,0.08
26412,0.49
26414,0.08
26426,0.11
26429,0.08
26434,0.08
26436,0.25
26442,0.08
26449,0.08
26452,0.11
26464,0.08
26472,0.16
26473,0.08
26477,0.08
26480,0.18
26481,0.43
26490,0.08
26499,0.03
26503,0.0
26506,0.08
26509,0.06
26512,0.0
26513,0.31
26515,0.18
26523,0.08
26524,0.0
26526,0.08
26527,0.21
26529,0.4
26531,0.0
26534,0.23
26536,0.08
26539,0.0
26542,0.62
26550,0.08
26557,0.03
26562,0.0
26570,0.08
26576,0.25
26577,0.03
26580,0.36
26588,0.03
26589,0.43
26594,0.08
26595,0.08
26598,0.0
26611,0.75
26615,0.36
26618,0.29
26620,0.03
26624,0.16
26625,0.08
26633,0.68
26643,0.08
26650,0.08
26653,0.51
26656,0.11
26662,0.43
26667,0.31
26669,0.08
26670,0.27
26677,0.43
26679,0.03
26683,0.44
26684,0.14
26687,0.23
26690,0.11
26692,0.21
26695,0.08
26696,0.08
26698,0.53
26699,0.21
26701,0.08
26706,0.23
26710,0.08
26713,0.38
26720,0.08
26721,0.08
26724,0.21
26729,0.36
26730,0.0
26735,0.11
26736,0.08
26738,0.08
26743,0.08
26744,0.31
26745,0.08
26748,0.29
26758,0.29
26768,0.08
26770,0.31
26775,0.96
26780,0.7
26785,0.25
26791,0.08
26795,0.03
26796,0.29
26799,0.16
26800,0.0
